{
"lengthUnit": "mil",
"remark": ["fly_line"],
"components": {
	"fields": ["COMPONENT_NO", "COMPONENT_NAME", "LAYER", "X_COORDINATE", "Y_COORDINATE", "ANGLE"],
	"rows": [
		[1, "3.3", "T", 320, -220, 180],
		[2, "3.3", "T", 320, -479.8425, 180],
		[3, "3.3", "T", 320, -739.685, 180],
		[4, "3.3", "T", 320, -999.5275, 180],
		[5, "3.3", "T", 320, -1259.37, 180],
		[6, "3.3", "T", 320, -1519.2125, 180],
		[7, "3.3", "T", 320, -1779.055, 180],
		[8, "3.3", "T", 320, -2038.8975, 180],
		[9, "60", "T", 320, -275, 0],
		[10, "60", "T", 320, -534.8425, 0],
		[11, "60", "T", 320, -794.685, 0],
		[12, "60", "T", 320, -1054.5275, 0],
		[13, "60", "T", 320, -1314.37, 0],
		[14, "60", "T", 320, -1574.2125, 0],
		[15, "60", "T", 320, -1834.055, 0],
		[16, "60", "T", 320, -2093.8975, 0],
		[17, " ADC \n\n\n\n\n\n\n\n\n\n\n\n\n\n\n\n\n\n\n\n\n\n\n\n", "T", 475.246, -247.6, 90],
		[18, "ADC", "T", 475.246, -507.4425, 90],
		[19, "ADC", "T", 475.246, -767.285, 90],
		[20, "ADC", "T", 475.246, -1027.1275, 90],
		[21, "ADC", "T", 475.246, -1286.97, 90],
		[22, "ADC", "T", 475.246, -1546.8125, 90],
		[23, "ADC", "T", 475.246, -1806.655, 90],
		[24, "ADC", "T", 475.246, -2066.4975, 90],
		[25, "D1", "T", 235, -245, 270],
		[26, "D1", "T", 235, -504.8425, 270],
		[27, "D1", "T", 235, -764.685, 270],
		[28, "D1", "T", 235, -1024.5275, 270],
		[29, "D1", "T", 235, -1284.37, 270],
		[30, "D1", "T", 235, -1544.2125, 270],
		[31, "D1", "T", 235, -1804.055, 270],
		[32, "D1", "T", 235, -2063.8975, 270],
		[33, "PIEZO", "T", 105, -250, 90],
		[34, "PIEZO", "T", 105, -509.8425, 90],
		[35, "PIEZO", "T", 105, -769.685, 90],
		[36, "PIEZO", "T", 105, -1029.5275, 90],
		[37, "PIEZO", "T", 105, -1289.37, 90],
		[38, "PIEZO", "T", 105, -1549.2125, 90],
		[39, "PIEZO", "T", 105, -1809.055, 90],
		[40, "PIEZO", "T", 105, -2068.8975, 90],
		[41, "PAD1", "T", 235, -204.06, 0],
		[42, "PAD2", "T", 235, -285.94, 0],
		[43, "PAD3", "T", 349.66, -275, 0],
		[44, "PAD4", "T", 290.34, -275, 0],
		[45, "PAD5", "T", 290.34, -220, 0],
		[46, "PAD6", "T", 349.66, -220, 0],
		[47, "PAD7", "T", 475.246, -247.6, 0],
		[48, "PAD8", "T", 105, -309.0551, 0],
		[49, "PAD9", "T", 105, -190.9449, 0],
		[50, "PAD10", "T", 105, -568.8976, 0],
		[51, "PAD11", "T", 105, -450.7874, 0],
		[52, "PAD12", "T", 235, -463.9025, 0],
		[53, "PAD13", "T", 235, -545.7825, 0],
		[54, "PAD14", "T", 290.34, -479.8425, 0],
		[55, "PAD15", "T", 349.66, -479.8425, 0],
		[56, "PAD16", "T", 349.66, -534.8425, 0],
		[57, "PAD17", "T", 290.34, -534.8425, 0],
		[58, "PAD18", "T", 475.246, -507.4425, 0],
		[59, "PAD19", "T", 105, -828.7401, 0],
		[60, "PAD20", "T", 105, -710.6299, 0],
		[61, "PAD21", "T", 235, -723.745, 0],
		[62, "PAD22", "T", 235, -805.625, 0],
		[63, "PAD23", "T", 290.34, -739.685, 0],
		[64, "PAD24", "T", 349.66, -739.685, 0],
		[65, "PAD25", "T", 349.66, -794.685, 0],
		[66, "PAD26", "T", 290.34, -794.685, 0],
		[67, "PAD27", "T", 475.246, -767.285, 0],
		[68, "PAD28", "T", 105, -1088.5826, 0],
		[69, "PAD29", "T", 105, -970.4724, 0],
		[70, "PAD30", "T", 235, -983.5875, 0],
		[71, "PAD31", "T", 235, -1065.4675, 0],
		[72, "PAD32", "T", 290.34, -999.5275, 0],
		[73, "PAD33", "T", 349.66, -999.5275, 0],
		[74, "PAD34", "T", 349.66, -1054.5275, 0],
		[75, "PAD35", "T", 290.34, -1054.5275, 0],
		[76, "PAD36", "T", 475.246, -1027.1275, 0],
		[77, "PAD37", "T", 105, -1348.4251, 0],
		[78, "PAD38", "T", 105, -1230.3149, 0],
		[79, "PAD39", "T", 235, -1243.43, 0],
		[80, "PAD40", "T", 235, -1325.31, 0],
		[81, "PAD41", "T", 290.34, -1259.37, 0],
		[82, "PAD42", "T", 349.66, -1259.37, 0],
		[83, "PAD43", "T", 349.66, -1314.37, 0],
		[84, "PAD44", "T", 290.34, -1314.37, 0],
		[85, "PAD45", "T", 475.246, -1286.97, 0],
		[86, "PAD46", "T", 105, -1608.2676, 0],
		[87, "PAD47", "T", 105, -1490.1574, 0],
		[88, "PAD48", "T", 235, -1503.2725, 0],
		[89, "PAD49", "T", 235, -1585.1525, 0],
		[90, "PAD50", "T", 290.34, -1519.2125, 0],
		[91, "PAD51", "T", 349.66, -1519.2125, 0],
		[92, "PAD52", "T", 349.66, -1574.2125, 0],
		[93, "PAD53", "T", 290.34, -1574.2125, 0],
		[94, "PAD54", "T", 475.246, -1546.8125, 0],
		[95, "PAD55", "T", 105, -1868.1101, 0],
		[96, "PAD56", "T", 105, -1749.9999, 0],
		[97, "PAD57", "T", 235, -1763.115, 0],
		[98, "PAD58", "T", 235, -1844.995, 0],
		[99, "PAD59", "T", 290.34, -1779.055, 0],
		[100, "PAD60", "T", 349.66, -1779.055, 0],
		[101, "PAD61", "T", 349.66, -1834.055, 0],
		[102, "PAD62", "T", 290.34, -1834.055, 0],
		[103, "PAD63", "T", 475.246, -1806.655, 0],
		[104, "PAD64", "T", 105, -2127.9526, 0],
		[105, "PAD65", "T", 105, -2009.8424, 0],
		[106, "PAD66", "T", 235, -2022.9575, 0],
		[107, "PAD67", "T", 235, -2104.8375, 0],
		[108, "PAD68", "T", 290.34, -2038.8975, 0],
		[109, "PAD69", "T", 349.66, -2038.8975, 0],
		[110, "PAD70", "T", 349.66, -2093.8975, 0],
		[111, "PAD71", "T", 290.34, -2093.8975, 0],
		[112, "PAD72", "T", 475.246, -2066.4975, 0]
	]
},
"pins": {
	"fields": ["PIN_NO", "PIN_NAME", "PIN_X", "PIN_Y", "LAYER", "PIN_TYPE", "NET_NAME", "NET_TYPE", "PAD_SHAPE", "PAD_SIZEX", "PAD_SIZEY", "HOLE_SIZE", "HOLE_LEN", "PAD_ANGLE"],
	"rows": [
		[1, "3.3_1", 349.66, -220, "T", "SMD", "$1N331", "", "R", 31.751, 34.016, 0, 0, 180],
		[2, "3.3_2", 290.34, -220, "T", "SMD", "GND", "GND", "R", 31.751, 34.016, 0, 0, 180],
		[3, "3.3_1", 349.66, -479.8425, "T", "SMD", "$1N331", "", "R", 31.751, 34.016, 0, 0, 180],
		[4, "3.3_2", 290.34, -479.8425, "T", "SMD", "GND", "GND", "R", 31.751, 34.016, 0, 0, 180],
		[5, "3.3_1", 349.66, -739.685, "T", "SMD", "$1N331", "", "R", 31.751, 34.016, 0, 0, 180],
		[6, "3.3_2", 290.34, -739.685, "T", "SMD", "GND", "GND", "R", 31.751, 34.016, 0, 0, 180],
		[7, "3.3_1", 349.66, -999.5275, "T", "SMD", "$1N331", "", "R", 31.751, 34.016, 0, 0, 180],
		[8, "3.3_2", 290.34, -999.5275, "T", "SMD", "GND", "GND", "R", 31.751, 34.016, 0, 0, 180],
		[9, "3.3_1", 349.66, -1259.37, "T", "SMD", "$1N331", "", "R", 31.751, 34.016, 0, 0, 180],
		[10, "3.3_2", 290.34, -1259.37, "T", "SMD", "GND", "GND", "R", 31.751, 34.016, 0, 0, 180],
		[11, "3.3_1", 349.66, -1519.2125, "T", "SMD", "$1N331", "", "R", 31.751, 34.016, 0, 0, 180],
		[12, "3.3_2", 290.34, -1519.2125, "T", "SMD", "GND", "GND", "R", 31.751, 34.016, 0, 0, 180],
		[13, "3.3_1", 349.66, -1779.055, "T", "SMD", "$1N331", "", "R", 31.751, 34.016, 0, 0, 180],
		[14, "3.3_2", 290.34, -1779.055, "T", "SMD", "GND", "GND", "R", 31.751, 34.016, 0, 0, 180],
		[15, "3.3_1", 349.66, -2038.8975, "T", "SMD", "$1N331", "", "R", 31.751, 34.016, 0, 0, 180],
		[16, "3.3_2", 290.34, -2038.8975, "T", "SMD", "GND", "GND", "R", 31.751, 34.016, 0, 0, 180],
		[17, "60_1", 290.34, -275, "T", "SMD", "$1N255", "", "R", 31.751, 34.016, 0, 0, 0],
		[18, "60_2", 349.66, -275, "T", "SMD", "$1N331", "", "R", 31.751, 34.016, 0, 0, 0],
		[19, "60_1", 290.34, -534.8425, "T", "SMD", "$1N255", "", "R", 31.751, 34.016, 0, 0, 0],
		[20, "60_2", 349.66, -534.8425, "T", "SMD", "$1N331", "", "R", 31.751, 34.016, 0, 0, 0],
		[21, "60_1", 290.34, -794.685, "T", "SMD", "$1N255", "", "R", 31.751, 34.016, 0, 0, 0],
		[22, "60_2", 349.66, -794.685, "T", "SMD", "$1N331", "", "R", 31.751, 34.016, 0, 0, 0],
		[23, "60_1", 290.34, -1054.5275, "T", "SMD", "$1N255", "", "R", 31.751, 34.016, 0, 0, 0],
		[24, "60_2", 349.66, -1054.5275, "T", "SMD", "$1N331", "", "R", 31.751, 34.016, 0, 0, 0],
		[25, "60_1", 290.34, -1314.37, "T", "SMD", "$1N255", "", "R", 31.751, 34.016, 0, 0, 0],
		[26, "60_2", 349.66, -1314.37, "T", "SMD", "$1N331", "", "R", 31.751, 34.016, 0, 0, 0],
		[27, "60_1", 290.34, -1574.2125, "T", "SMD", "$1N255", "", "R", 31.751, 34.016, 0, 0, 0],
		[28, "60_2", 349.66, -1574.2125, "T", "SMD", "$1N331", "", "R", 31.751, 34.016, 0, 0, 0],
		[29, "60_1", 290.34, -1834.055, "T", "SMD", "$1N255", "", "R", 31.751, 34.016, 0, 0, 0],
		[30, "60_2", 349.66, -1834.055, "T", "SMD", "$1N331", "", "R", 31.751, 34.016, 0, 0, 0],
		[31, "60_1", 290.34, -2093.8975, "T", "SMD", "$1N255", "", "R", 31.751, 34.016, 0, 0, 0],
		[32, "60_2", 349.66, -2093.8975, "T", "SMD", "$1N331", "", "R", 31.751, 34.016, 0, 0, 0],
		[33, " ADC \n\n\n\n\n\n\n\n\n\n\n\n\n\n\n\n\n\n\n\n\n\n\n\n_1", 475.246, -247.6, "T", "SMD", "$1N331", "", "O", 110.2362, 196.8504, 0, 0, 90],
		[34, "ADC_1", 475.246, -507.4425, "T", "SMD", "$1N331", "", "O", 110.2362, 196.8504, 0, 0, 90],
		[35, "ADC_1", 475.246, -767.285, "T", "SMD", "$1N331", "", "O", 110.2362, 196.8504, 0, 0, 90],
		[36, "ADC_1", 475.246, -1027.1275, "T", "SMD", "$1N331", "", "O", 110.2362, 196.8504, 0, 0, 90],
		[37, "ADC_1", 475.246, -1286.97, "T", "SMD", "$1N331", "", "O", 110.2362, 196.8504, 0, 0, 90],
		[38, "ADC_1", 475.246, -1546.8125, "T", "SMD", "$1N331", "", "O", 110.2362, 196.8504, 0, 0, 90],
		[39, "ADC_1", 475.246, -1806.655, "T", "SMD", "$1N331", "", "O", 110.2362, 196.8504, 0, 0, 90],
		[40, "ADC_1", 475.246, -2066.4975, "T", "SMD", "$1N331", "", "O", 110.2362, 196.8504, 0, 0, 90],
		[41, "D1_1", 235, -204.06, "T", "SMD", "$1N150", "", "R", 30.709, 19.685, 0, 0, 270],
		[42, "D1_2", 235, -285.94, "T", "SMD", "$1N255", "", "R", 30.709, 19.685, 0, 0, 270],
		[43, "D1_1", 235, -463.9025, "T", "SMD", "$1N150", "", "R", 30.709, 19.685, 0, 0, 270],
		[44, "D1_2", 235, -545.7825, "T", "SMD", "$1N255", "", "R", 30.709, 19.685, 0, 0, 270],
		[45, "D1_1", 235, -723.745, "T", "SMD", "$1N150", "", "R", 30.709, 19.685, 0, 0, 270],
		[46, "D1_2", 235, -805.625, "T", "SMD", "$1N255", "", "R", 30.709, 19.685, 0, 0, 270],
		[47, "D1_1", 235, -983.5875, "T", "SMD", "$1N150", "", "R", 30.709, 19.685, 0, 0, 270],
		[48, "D1_2", 235, -1065.4675, "T", "SMD", "$1N255", "", "R", 30.709, 19.685, 0, 0, 270],
		[49, "D1_1", 235, -1243.43, "T", "SMD", "$1N150", "", "R", 30.709, 19.685, 0, 0, 270],
		[50, "D1_2", 235, -1325.31, "T", "SMD", "$1N255", "", "R", 30.709, 19.685, 0, 0, 270],
		[51, "D1_1", 235, -1503.2725, "T", "SMD", "$1N150", "", "R", 30.709, 19.685, 0, 0, 270],
		[52, "D1_2", 235, -1585.1525, "T", "SMD", "$1N255", "", "R", 30.709, 19.685, 0, 0, 270],
		[53, "D1_1", 235, -1763.115, "T", "SMD", "$1N150", "", "R", 30.709, 19.685, 0, 0, 270],
		[54, "D1_2", 235, -1844.995, "T", "SMD", "$1N255", "", "R", 30.709, 19.685, 0, 0, 270],
		[55, "D1_1", 235, -2022.9575, "T", "SMD", "$1N150", "", "R", 30.709, 19.685, 0, 0, 270],
		[56, "D1_2", 235, -2104.8375, "T", "SMD", "$1N255", "", "R", 30.709, 19.685, 0, 0, 270],
		[57, "PIEZO_1", 105, -309.0551, "T", "SMD", "GND", "GND", "O", 94.4882, 173.2283, 0, 0, 90],
		[58, "PIEZO_2", 105, -190.9449, "T", "SMD", "$1N150", "", "O", 94.4882, 173.2283, 0, 0, 90],
		[59, "PIEZO_1", 105, -568.8976, "T", "SMD", "GND", "GND", "O", 94.4882, 173.2283, 0, 0, 90],
		[60, "PIEZO_2", 105, -450.7874, "T", "SMD", "$1N150", "", "O", 94.4882, 173.2283, 0, 0, 90],
		[61, "PIEZO_1", 105, -828.7401, "T", "SMD", "GND", "GND", "O", 94.4882, 173.2283, 0, 0, 90],
		[62, "PIEZO_2", 105, -710.6299, "T", "SMD", "$1N150", "", "O", 94.4882, 173.2283, 0, 0, 90],
		[63, "PIEZO_1", 105, -1088.5826, "T", "SMD", "GND", "GND", "O", 94.4882, 173.2283, 0, 0, 90],
		[64, "PIEZO_2", 105, -970.4724, "T", "SMD", "$1N150", "", "O", 94.4882, 173.2283, 0, 0, 90],
		[65, "PIEZO_1", 105, -1348.4251, "T", "SMD", "GND", "GND", "O", 94.4882, 173.2283, 0, 0, 90],
		[66, "PIEZO_2", 105, -1230.3149, "T", "SMD", "$1N150", "", "O", 94.4882, 173.2283, 0, 0, 90],
		[67, "PIEZO_1", 105, -1608.2676, "T", "SMD", "GND", "GND", "O", 94.4882, 173.2283, 0, 0, 90],
		[68, "PIEZO_2", 105, -1490.1574, "T", "SMD", "$1N150", "", "O", 94.4882, 173.2283, 0, 0, 90],
		[69, "PIEZO_1", 105, -1868.1101, "T", "SMD", "GND", "GND", "O", 94.4882, 173.2283, 0, 0, 90],
		[70, "PIEZO_2", 105, -1749.9999, "T", "SMD", "$1N150", "", "O", 94.4882, 173.2283, 0, 0, 90],
		[71, "PIEZO_1", 105, -2127.9526, "T", "SMD", "GND", "GND", "O", 94.4882, 173.2283, 0, 0, 90],
		[72, "PIEZO_2", 105, -2009.8424, "T", "SMD", "$1N150", "", "O", 94.4882, 173.2283, 0, 0, 90],
		[73, "PAD1_1", 235, -204.06, "T", "SMD", "$1N150", "", "R", 30.709, 19.685, 0, 0, 270],
		[74, "PAD2_2", 235, -285.94, "T", "SMD", "$1N255", "", "R", 30.709, 19.685, 0, 0, 270],
		[75, "PAD3_2", 349.66, -275, "T", "SMD", "$1N331", "", "R", 31.751, 34.016, 0, 0, 0],
		[76, "PAD4_1", 290.34, -275, "T", "SMD", "$1N255", "", "R", 31.751, 34.016, 0, 0, 0],
		[77, "PAD5_2", 290.34, -220, "T", "SMD", "GND", "GND", "R", 31.751, 34.016, 0, 0, 180],
		[78, "PAD6_1", 349.66, -220, "T", "SMD", "$1N331", "", "R", 31.751, 34.016, 0, 0, 180],
		[79, "PAD7_1", 475.246, -247.6, "T", "SMD", "$1N331", "", "O", 110.2362, 196.8504, 0, 0, 90],
		[80, "PAD8_1", 105, -309.0551, "T", "SMD", "GND", "GND", "O", 94.4882, 173.2283, 0, 0, 90],
		[81, "PAD9_2", 105, -190.9449, "T", "SMD", "$1N150", "", "O", 94.4882, 173.2283, 0, 0, 90],
		[82, "PAD10_1", 105, -568.8976, "T", "SMD", "GND", "GND", "O", 94.4882, 173.2283, 0, 0, 90],
		[83, "PAD11_2", 105, -450.7874, "T", "SMD", "$1N150", "", "O", 94.4882, 173.2283, 0, 0, 90],
		[84, "PAD12_1", 235, -463.9025, "T", "SMD", "$1N150", "", "R", 30.709, 19.685, 0, 0, 270],
		[85, "PAD13_2", 235, -545.7825, "T", "SMD", "$1N255", "", "R", 30.709, 19.685, 0, 0, 270],
		[86, "PAD14_2", 290.34, -479.8425, "T", "SMD", "GND", "GND", "R", 31.751, 34.016, 0, 0, 180],
		[87, "PAD15_1", 349.66, -479.8425, "T", "SMD", "$1N331", "", "R", 31.751, 34.016, 0, 0, 180],
		[88, "PAD16_2", 349.66, -534.8425, "T", "SMD", "$1N331", "", "R", 31.751, 34.016, 0, 0, 0],
		[89, "PAD17_1", 290.34, -534.8425, "T", "SMD", "$1N255", "", "R", 31.751, 34.016, 0, 0, 0],
		[90, "PAD18_1", 475.246, -507.4425, "T", "SMD", "$1N331", "", "O", 110.2362, 196.8504, 0, 0, 90],
		[91, "PAD19_1", 105, -828.7401, "T", "SMD", "GND", "GND", "O", 94.4882, 173.2283, 0, 0, 90],
		[92, "PAD20_2", 105, -710.6299, "T", "SMD", "$1N150", "", "O", 94.4882, 173.2283, 0, 0, 90],
		[93, "PAD21_1", 235, -723.745, "T", "SMD", "$1N150", "", "R", 30.709, 19.685, 0, 0, 270],
		[94, "PAD22_2", 235, -805.625, "T", "SMD", "$1N255", "", "R", 30.709, 19.685, 0, 0, 270],
		[95, "PAD23_2", 290.34, -739.685, "T", "SMD", "GND", "GND", "R", 31.751, 34.016, 0, 0, 180],
		[96, "PAD24_1", 349.66, -739.685, "T", "SMD", "$1N331", "", "R", 31.751, 34.016, 0, 0, 180],
		[97, "PAD25_2", 349.66, -794.685, "T", "SMD", "$1N331", "", "R", 31.751, 34.016, 0, 0, 0],
		[98, "PAD26_1", 290.34, -794.685, "T", "SMD", "$1N255", "", "R", 31.751, 34.016, 0, 0, 0],
		[99, "PAD27_1", 475.246, -767.285, "T", "SMD", "$1N331", "", "O", 110.2362, 196.8504, 0, 0, 90],
		[100, "PAD28_1", 105, -1088.5826, "T", "SMD", "GND", "GND", "O", 94.4882, 173.2283, 0, 0, 90],
		[101, "PAD29_2", 105, -970.4724, "T", "SMD", "$1N150", "", "O", 94.4882, 173.2283, 0, 0, 90],
		[102, "PAD30_1", 235, -983.5875, "T", "SMD", "$1N150", "", "R", 30.709, 19.685, 0, 0, 270],
		[103, "PAD31_2", 235, -1065.4675, "T", "SMD", "$1N255", "", "R", 30.709, 19.685, 0, 0, 270],
		[104, "PAD32_2", 290.34, -999.5275, "T", "SMD", "GND", "GND", "R", 31.751, 34.016, 0, 0, 180],
		[105, "PAD33_1", 349.66, -999.5275, "T", "SMD", "$1N331", "", "R", 31.751, 34.016, 0, 0, 180],
		[106, "PAD34_2", 349.66, -1054.5275, "T", "SMD", "$1N331", "", "R", 31.751, 34.016, 0, 0, 0],
		[107, "PAD35_1", 290.34, -1054.5275, "T", "SMD", "$1N255", "", "R", 31.751, 34.016, 0, 0, 0],
		[108, "PAD36_1", 475.246, -1027.1275, "T", "SMD", "$1N331", "", "O", 110.2362, 196.8504, 0, 0, 90],
		[109, "PAD37_1", 105, -1348.4251, "T", "SMD", "GND", "GND", "O", 94.4882, 173.2283, 0, 0, 90],
		[110, "PAD38_2", 105, -1230.3149, "T", "SMD", "$1N150", "", "O", 94.4882, 173.2283, 0, 0, 90],
		[111, "PAD39_1", 235, -1243.43, "T", "SMD", "$1N150", "", "R", 30.709, 19.685, 0, 0, 270],
		[112, "PAD40_2", 235, -1325.31, "T", "SMD", "$1N255", "", "R", 30.709, 19.685, 0, 0, 270],
		[113, "PAD41_2", 290.34, -1259.37, "T", "SMD", "GND", "GND", "R", 31.751, 34.016, 0, 0, 180],
		[114, "PAD42_1", 349.66, -1259.37, "T", "SMD", "$1N331", "", "R", 31.751, 34.016, 0, 0, 180],
		[115, "PAD43_2", 349.66, -1314.37, "T", "SMD", "$1N331", "", "R", 31.751, 34.016, 0, 0, 0],
		[116, "PAD44_1", 290.34, -1314.37, "T", "SMD", "$1N255", "", "R", 31.751, 34.016, 0, 0, 0],
		[117, "PAD45_1", 475.246, -1286.97, "T", "SMD", "$1N331", "", "O", 110.2362, 196.8504, 0, 0, 90],
		[118, "PAD46_1", 105, -1608.2676, "T", "SMD", "GND", "GND", "O", 94.4882, 173.2283, 0, 0, 90],
		[119, "PAD47_2", 105, -1490.1574, "T", "SMD", "$1N150", "", "O", 94.4882, 173.2283, 0, 0, 90],
		[120, "PAD48_1", 235, -1503.2725, "T", "SMD", "$1N150", "", "R", 30.709, 19.685, 0, 0, 270],
		[121, "PAD49_2", 235, -1585.1525, "T", "SMD", "$1N255", "", "R", 30.709, 19.685, 0, 0, 270],
		[122, "PAD50_2", 290.34, -1519.2125, "T", "SMD", "GND", "GND", "R", 31.751, 34.016, 0, 0, 180],
		[123, "PAD51_1", 349.66, -1519.2125, "T", "SMD", "$1N331", "", "R", 31.751, 34.016, 0, 0, 180],
		[124, "PAD52_2", 349.66, -1574.2125, "T", "SMD", "$1N331", "", "R", 31.751, 34.016, 0, 0, 0],
		[125, "PAD53_1", 290.34, -1574.2125, "T", "SMD", "$1N255", "", "R", 31.751, 34.016, 0, 0, 0],
		[126, "PAD54_1", 475.246, -1546.8125, "T", "SMD", "$1N331", "", "O", 110.2362, 196.8504, 0, 0, 90],
		[127, "PAD55_1", 105, -1868.1101, "T", "SMD", "GND", "GND", "O", 94.4882, 173.2283, 0, 0, 90],
		[128, "PAD56_2", 105, -1749.9999, "T", "SMD", "$1N150", "", "O", 94.4882, 173.2283, 0, 0, 90],
		[129, "PAD57_1", 235, -1763.115, "T", "SMD", "$1N150", "", "R", 30.709, 19.685, 0, 0, 270],
		[130, "PAD58_2", 235, -1844.995, "T", "SMD", "$1N255", "", "R", 30.709, 19.685, 0, 0, 270],
		[131, "PAD59_2", 290.34, -1779.055, "T", "SMD", "GND", "GND", "R", 31.751, 34.016, 0, 0, 180],
		[132, "PAD60_1", 349.66, -1779.055, "T", "SMD", "$1N331", "", "R", 31.751, 34.016, 0, 0, 180],
		[133, "PAD61_2", 349.66, -1834.055, "T", "SMD", "$1N331", "", "R", 31.751, 34.016, 0, 0, 0],
		[134, "PAD62_1", 290.34, -1834.055, "T", "SMD", "$1N255", "", "R", 31.751, 34.016, 0, 0, 0],
		[135, "PAD63_1", 475.246, -1806.655, "T", "SMD", "$1N331", "", "O", 110.2362, 196.8504, 0, 0, 90],
		[136, "PAD64_1", 105, -2127.9526, "T", "SMD", "GND", "GND", "O", 94.4882, 173.2283, 0, 0, 90],
		[137, "PAD65_2", 105, -2009.8424, "T", "SMD", "$1N150", "", "O", 94.4882, 173.2283, 0, 0, 90],
		[138, "PAD66_1", 235, -2022.9575, "T", "SMD", "$1N150", "", "R", 30.709, 19.685, 0, 0, 270],
		[139, "PAD67_2", 235, -2104.8375, "T", "SMD", "$1N255", "", "R", 30.709, 19.685, 0, 0, 270],
		[140, "PAD68_2", 290.34, -2038.8975, "T", "SMD", "GND", "GND", "R", 31.751, 34.016, 0, 0, 180],
		[141, "PAD69_1", 349.66, -2038.8975, "T", "SMD", "$1N331", "", "R", 31.751, 34.016, 0, 0, 180],
		[142, "PAD70_2", 349.66, -2093.8975, "T", "SMD", "$1N331", "", "R", 31.751, 34.016, 0, 0, 0],
		[143, "PAD71_1", 290.34, -2093.8975, "T", "SMD", "$1N255", "", "R", 31.751, 34.016, 0, 0, 0],
		[144, "PAD72_1", 475.246, -2066.4975, "T", "SMD", "$1N331", "", "O", 110.2362, 196.8504, 0, 0, 90]
	]
}
}