{
"lengthUnit": "mil",
"remark": [],
"components": {
	"fields": ["COMPONENT_NO", "COMPONENT_NAME", "LAYER", "X_COORDINATE", "Y_COORDINATE", "ANGLE"],
	"rows": [
		[1, "BAT", "T", 1960, -1045, 270],
		[2, "BOOT", "T", 873.2894, -495, 90],
		[3, "BUZZER", "T", 1065, -1245, 0],
		[4, "C1", "T", 82.7, -1337.7165, 0],
		[5, "C2", "T", 82.7, -1280, 0],
		[6, "C3", "T", 765, -425, 90],
		[7, "C4", "T", 82.7, -1450, 180],
		[8, "C5", "T", 1385, -650, 0],
		[9, "C6", "T", 1210, -650, 0],
		[10, "C7", "T", 1645, -1080, 90],
		[11, "C8", "T", 1305, -1135, 270],
		[12, "C9", "T", 1765, -950, 0],
		[13, "C10", "T", 1765, -890, 0],
		[14, "C11", "T", 1875, -890, 180],
		[15, "C12", "T", 895, -665, 270],
		[16, "CH340K", "T", 1280, -475, 180],
		[17, "CHRG", "T", 1985, -610, 180],
		[18, "D1", "T", 1585, -410, 90],
		[19, "D2", "T", 1485, -410, 90],
		[20, "D3", "T", 1485, -590, 90],
		[21, "EXTRA_PADS", "T", 460, -70, 0],
		[22, "FULL", "T", 1985, -890.2, 180],
		[23, "L1", "T", 1402.1902, -1103.8691, 90],
		[24, "L-PADs", "T", 465, -1620, 180],
		[25, "LED", "T", 952.7, -55, 180],
		[26, "PWR", "T", 1373, -1275, 180],
		[27, "Q1", "T", 1610, -590, 180],
		[28, "Q2", "T", 757.3, -1335, 180],
		[29, "R1", "T", 980, -425, 270],
		[30, "R2", "T", 82.7, -1393.8583, 0],
		[31, "R3", "T", 825, -1125, 270],
		[32, "R4", "T", 1700, -445, 270],
		[33, "R5", "T", 1895, -445, 270],
		[34, "R6", "T", 1565, -130, 90],
		[35, "R7", "T", 1565, -245, 270],
		[36, "R8", "T", 307.5, -395, 0],
		[37, "R9", "T", 307.5, -450.5, 0],
		[38, "R10", "T", 1775, -609.8, 0],
		[39, "R11", "T", 2055, -685, 90],
		[40, "R12", "T", 2055, -805, 270],
		[41, "R13", "T", 1775, -555, 180],
		[42, "R14", "T", 1490, -1215, 180],
		[43, "R15", "T", 1604.144, -1215, 180],
		[44, "R16", "T", 1375, -1215, 0],
		[45, "R17", "T", 953.0484, -665, 90],
		[46, "R18", "T", 1069.6471, -54.75, 0],
		[47, "R19", "T", 660, -1335, 90],
		[48, "R20", "T", 1707.0374, -1080, 90],
		[49, "R21", "T", 1767.5, -1080, 270],
		[50, "R22", "T", 1095, -240, 90],
		[51, "R23", "T", 1035, -240, 90],
		[52, "R-PADs", "T", 1335, -1620, 180],
		[53, "RESERVED_PINS", "T", 770, -235, 0],
		[54, "RESERVED_PINS1", "T", 260, -235, 0],
		[55, "RST", "T", 260, -1360, 180],
		[56, "Rx←", "T", 1035, -353, 90],
		[57, "S", "T", 980, -845, 0],
		[58, "SCREW2", "T", 1675.3937, -1370, 0],
		[59, "SCREW3", "T", 470.2756, -1370, 0],
		[60, "SWC", "T", 1430, -850, 180],
		[61, "TLV", "T", 1542.5084, -1103.8691, 90],
		[62, "Tx→", "T", 1095, -353, 90],
		[63, "U1", "T", 407.7, -870, 90],
		[64, "U2", "T", 1869.7623, -749.8733, 0],
		[65, "U4", "T", 1797.9085, -430, 0],
		[66, "U5", "T", 1105, -475, 180],
		[67, "USART ↑", "T", 1337.8493, -198.3092, 180],
		[68, "USB ↓", "T", 1790.9597, -198.3092, 180],
		[69, "PAD1", "T", 830.9644, -406.418, 0],
		[70, "PAD2", "T", 915.6144, -406.418, 0],
		[71, "PAD3", "T", 1242.184, -1245, 0],
		[72, "PAD4", "T", 887.824, -1245, 0],
		[73, "PAD5", "T", 110.26, -1337.7165, 0],
		[74, "PAD6", "T", 55.14, -1337.7165, 0],
		[75, "PAD7", "T", 110.26, -1280, 0],
		[76, "PAD8", "T", 55.14, -1280, 0],
		[77, "PAD9", "T", 765, -397.44, 0],
		[78, "PAD10", "T", 765, -452.56, 0],
		[79, "PAD11", "T", 55.14, -1450, 0],
		[80, "PAD12", "T", 110.26, -1450, 0],
		[81, "PAD13", "T", 1412.56, -650, 0],
		[82, "PAD14", "T", 1357.44, -650, 0],
		[83, "PAD15", "T", 1237.56, -650, 0],
		[84, "PAD16", "T", 1182.44, -650, 0],
		[85, "PAD17", "T", 1645, -1052.44, 0],
		[86, "PAD18", "T", 1645, -1107.56, 0],
		[87, "PAD19", "T", 1305, -1162.56, 0],
		[88, "PAD20", "T", 1305, -1107.44, 0],
		[89, "PAD21", "T", 895, -692.56, 0],
		[90, "PAD22", "T", 895, -637.44, 0],
		[91, "PAD23", "T", 1358.74, -366.735, 0],
		[92, "PAD24", "T", 1319.37, -366.735, 0],
		[93, "PAD25", "T", 1280, -366.735, 0],
		[94, "PAD26", "T", 1240.63, -366.735, 0],
		[95, "PAD27", "T", 1201.26, -583.265, 0],
		[96, "PAD28", "T", 1240.63, -583.265, 0],
		[97, "PAD29", "T", 1280, -583.265, 0],
		[98, "PAD30", "T", 1319.37, -583.265, 0],
		[99, "PAD31", "T", 1358.74, -583.265, 0],
		[100, "PAD32", "T", 1280, -474.995, 0],
		[101, "PAD33", "T", 2018.5, -609.6, 0],
		[102, "PAD34", "T", 1955.5, -609.8, 0],
		[103, "PAD35", "T", 1585, -345.626, 0],
		[104, "PAD36", "T", 1585, -474.374, 0],
		[105, "PAD37", "T", 1485, -345.626, 0],
		[106, "PAD38", "T", 1485, -474.374, 0],
		[107, "PAD39", "T", 1485, -525.626, 0],
		[108, "PAD40", "T", 1485, -654.374, 0],
		[109, "PAD41", "T", 1402.1902, -1050.7191, 0],
		[110, "PAD42", "T", 1402.1902, -1157.0191, 0],
		[111, "PAD43", "T", 815, -1620, 0],
		[112, "PAD43", "B", 815, -1620, 0],
		[113, "PAD44", "T", 715, -1620, 0],
		[114, "PAD44", "B", 715, -1620, 0],
		[115, "PAD45", "T", 615, -1620, 0],
		[116, "PAD45", "B", 615, -1620, 0],
		[117, "PAD46", "T", 515, -1620, 0],
		[118, "PAD46", "B", 515, -1620, 0],
		[119, "PAD47", "T", 415, -1620, 0],
		[120, "PAD47", "B", 415, -1620, 0],
		[121, "PAD48", "T", 315, -1620, 0],
		[122, "PAD48", "B", 315, -1620, 0],
		[123, "PAD49", "T", 215, -1620, 0],
		[124, "PAD49", "B", 215, -1620, 0],
		[125, "PAD50", "T", 115, -1620, 0],
		[126, "PAD50", "B", 115, -1620, 0],
		[127, "PAD51", "T", 986.2, -54.6, 0],
		[128, "PAD52", "T", 923.2, -54.8, 0],
		[129, "PAD53", "T", 1960, -995, 0],
		[130, "PAD53", "B", 1960, -995, 0],
		[131, "PAD54", "T", 1960, -1095, 0],
		[132, "PAD54", "B", 1960, -1095, 0],
		[133, "PAD55", "T", 1561.375, -552.6, 0],
		[134, "PAD56", "T", 1561.375, -627.4, 0],
		[135, "PAD57", "T", 1658.625, -590, 0],
		[136, "PAD58", "T", 715.76, -1297.4, 0],
		[137, "PAD59", "T", 715.76, -1372.6, 0],
		[138, "PAD60", "T", 798.84, -1335, 0],
		[139, "PAD61", "T", 980, -454.66, 0],
		[140, "PAD62", "T", 980, -395.34, 0],
		[141, "PAD63", "T", 112.36, -1393.8583, 0],
		[142, "PAD64", "T", 53.04, -1393.8583, 0],
		[143, "PAD65", "T", 825, -1154.66, 0],
		[144, "PAD66", "T", 825, -1095.34, 0],
		[145, "PAD67", "T", 1700, -474.66, 0],
		[146, "PAD68", "T", 1700, -415.34, 0],
		[147, "PAD69", "T", 1895, -474.66, 0],
		[148, "PAD70", "T", 1895, -415.34, 0],
		[149, "PAD71", "T", 1565, -100.34, 0],
		[150, "PAD72", "T", 1565, -159.66, 0],
		[151, "PAD73", "T", 1565, -274.66, 0],
		[152, "PAD74", "T", 1565, -215.34, 0],
		[153, "PAD75", "T", 337.16, -395, 0],
		[154, "PAD76", "T", 277.84, -395, 0],
		[155, "PAD77", "T", 337.16, -450.5, 0],
		[156, "PAD78", "T", 277.84, -450.5, 0],
		[157, "PAD79", "T", 1745.34, -555, 0],
		[158, "PAD80", "T", 1804.66, -555, 0],
		[159, "PAD81", "T", 1460.34, -1215, 0],
		[160, "PAD82", "T", 1519.66, -1215, 0],
		[161, "PAD83", "T", 1574.484, -1215, 0],
		[162, "PAD84", "T", 1633.804, -1215, 0],
		[163, "PAD85", "T", 1404.66, -1215, 0],
		[164, "PAD86", "T", 1345.34, -1215, 0],
		[165, "PAD87", "T", 953.0484, -635.34, 0],
		[166, "PAD88", "T", 953.0484, -694.66, 0],
		[167, "PAD89", "T", 1099.3071, -54.75, 0],
		[168, "PAD90", "T", 1039.9871, -54.75, 0],
		[169, "PAD91", "T", 660, -1305.34, 0],
		[170, "PAD92", "T", 660, -1364.66, 0],
		[171, "PAD93", "T", 1707.0374, -1050.34, 0],
		[172, "PAD94", "T", 1707.0374, -1109.66, 0],
		[173, "PAD95", "T", 1767.5, -1109.66, 0],
		[174, "PAD96", "T", 1767.5, -1050.34, 0],
		[175, "PAD97", "T", 1095, -210.34, 0],
		[176, "PAD98", "T", 1095, -269.66, 0],
		[177, "PAD99", "T", 1035, -210.34, 0],
		[178, "PAD100", "T", 1035, -269.66, 0],
		[179, "PAD101", "T", 1685, -1620, 0],
		[180, "PAD101", "B", 1685, -1620, 0],
		[181, "PAD102", "T", 1585, -1620, 0],
		[182, "PAD102", "B", 1585, -1620, 0],
		[183, "PAD103", "T", 1485, -1620, 0],
		[184, "PAD103", "B", 1485, -1620, 0],
		[185, "PAD104", "T", 1385, -1620, 0],
		[186, "PAD104", "B", 1385, -1620, 0],
		[187, "PAD105", "T", 1285, -1620, 0],
		[188, "PAD105", "B", 1285, -1620, 0],
		[189, "PAD106", "T", 1185, -1620, 0],
		[190, "PAD106", "B", 1185, -1620, 0],
		[191, "PAD107", "T", 1085, -1620, 0],
		[192, "PAD107", "B", 1085, -1620, 0],
		[193, "PAD108", "T", 985, -1620, 0],
		[194, "PAD108", "B", 985, -1620, 0],
		[195, "PAD109", "T", 171.418, -1402.325, 0],
		[196, "PAD110", "T", 171.418, -1317.675, 0],
		[197, "PAD111", "T", 1035.4, -386.5, 0],
		[198, "PAD112", "T", 1035.2, -323.5, 0],
		[199, "PAD113", "T", 1095.4, -386.5, 0],
		[200, "PAD114", "T", 1095.2, -323.5, 0],
		[201, "PAD115", "T", 57.505, -1214.49, 0],
		[202, "PAD116", "T", 107.505, -1214.49, 0],
		[203, "PAD117", "T", 157.505, -1214.49, 0],
		[204, "PAD118", "T", 207.505, -1214.49, 0],
		[205, "PAD119", "T", 257.505, -1214.49, 0],
		[206, "PAD120", "T", 307.505, -1214.49, 0],
		[207, "PAD121", "T", 357.505, -1214.49, 0],
		[208, "PAD122", "T", 407.505, -1214.49, 0],
		[209, "PAD123", "T", 457.505, -1214.49, 0],
		[210, "PAD124", "T", 507.505, -1214.49, 0],
		[211, "PAD125", "T", 557.505, -1214.49, 0],
		[212, "PAD126", "T", 607.505, -1214.49, 0],
		[213, "PAD127", "T", 657.505, -1214.49, 0],
		[214, "PAD128", "T", 707.505, -1214.49, 0],
		[215, "PAD129", "T", 757.895, -1145, 0],
		[216, "PAD130", "T", 757.895, -1095, 0],
		[217, "PAD131", "T", 757.895, -1045, 0],
		[218, "PAD132", "T", 757.895, -995, 0],
		[219, "PAD133", "T", 757.895, -945, 0],
		[220, "PAD134", "T", 757.895, -895, 0],
		[221, "PAD135", "T", 757.895, -845, 0],
		[222, "PAD136", "T", 757.895, -795, 0],
		[223, "PAD137", "T", 757.895, -745, 0],
		[224, "PAD138", "T", 757.895, -695, 0],
		[225, "PAD139", "T", 757.895, -645, 0],
		[226, "PAD140", "T", 756.715, -595, 0],
		[227, "PAD141", "T", 707.505, -525.51, 0],
		[228, "PAD142", "T", 657.505, -525.51, 0],
		[229, "PAD143", "T", 607.505, -525.51, 0],
		[230, "PAD144", "T", 557.505, -525.51, 0],
		[231, "PAD145", "T", 507.505, -525.51, 0],
		[232, "PAD146", "T", 457.505, -525.51, 0],
		[233, "PAD147", "T", 407.505, -525.51, 0],
		[234, "PAD148", "T", 357.505, -525.51, 0],
		[235, "PAD149", "T", 307.505, -525.51, 0],
		[236, "PAD150", "T", 257.505, -525.51, 0],
		[237, "PAD151", "T", 207.505, -525.51, 0],
		[238, "PAD152", "T", 157.505, -525.51, 0],
		[239, "PAD153", "T", 107.505, -525.51, 0],
		[240, "PAD154", "T", 57.505, -525.51, 0],
		[241, "PAD155", "T", 416.565, -873.94, 0],
		[242, "PAD156", "T", 416.565, -929.06, 0],
		[243, "PAD157", "T", 416.565, -984.18, 0],
		[244, "PAD158", "T", 306.325, -984.18, 0],
		[245, "PAD159", "T", 306.325, -929.06, 0],
		[246, "PAD160", "T", 306.325, -873.94, 0],
		[247, "PAD161", "T", 361.445, -873.94, 0],
		[248, "PAD162", "T", 361.445, -984.18, 0],
		[249, "PAD163", "T", 361.445, -929.06, 0],
		[250, "PAD164", "T", 1987.8723, -824.8733, 0],
		[251, "PAD165", "T", 1987.8723, -774.8733, 0],
		[252, "PAD166", "T", 1987.8723, -724.8733, 0],
		[253, "PAD167", "T", 1987.8723, -674.8733, 0],
		[254, "PAD168", "T", 1751.6523, -824.8733, 0],
		[255, "PAD169", "T", 1751.6523, -774.8733, 0],
		[256, "PAD170", "T", 1751.6523, -724.8733, 0],
		[257, "PAD171", "T", 1751.6523, -674.8733, 0],
		[258, "PAD172", "T", 1869.7623, -749.8733, 0],
		[259, "PAD173", "T", 1579.9084, -1155.0541, 0],
		[260, "PAD174", "T", 1505.1084, -1155.0541, 0],
		[261, "PAD175", "T", 1505.1084, -1052.6841, 0],
		[262, "PAD176", "T", 1542.5084, -1052.6841, 0],
		[263, "PAD177", "T", 1579.9084, -1052.6841, 0],
		[264, "PAD178", "T", 1760.5085, -475.24, 0],
		[265, "PAD179", "T", 1797.9085, -475.24, 0],
		[266, "PAD180", "T", 1835.3085, -475.24, 0],
		[267, "PAD181", "T", 1835.3085, -384.76, 0],
		[268, "PAD182", "T", 1797.9085, -384.76, 0],
		[269, "PAD183", "T", 1760.5085, -384.76, 0],
		[270, "PAD184", "T", 1142.4015, -500.5905, 0],
		[271, "PAD185", "T", 1142.4015, -475, 0],
		[272, "PAD186", "T", 1142.4015, -449.4095, 0],
		[273, "PAD187", "T", 1067.5985, -449.4095, 0],
		[274, "PAD188", "T", 1067.5985, -475, 0],
		[275, "PAD189", "T", 1067.5985, -500.5905, 0],
		[276, "PAD190", "T", 1463.8393, -291.3192, 0],
		[277, "PAD191", "T", 1432.3393, -291.3192, 0],
		[278, "PAD192", "T", 1211.8693, -291.3192, 0],
		[279, "PAD193", "T", 1243.3593, -291.3192, 0],
		[280, "PAD194", "T", 1268.9493, -291.3192, 0],
		[281, "PAD195", "T", 1308.3193, -291.3192, 0],
		[282, "PAD196", "T", 1328.0093, -291.3192, 0],
		[283, "PAD197", "T", 1347.6893, -291.3192, 0],
		[284, "PAD198", "T", 1367.3793, -291.3192, 0],
		[285, "PAD199", "T", 1387.0593, -291.3192, 0],
		[286, "PAD200", "T", 1167.7693, -105.2992, 0],
		[287, "PAD200", "B", 1167.7693, -105.2992, 0],
		[288, "PAD201", "T", 1507.9293, -105.2992, 0],
		[289, "PAD201", "B", 1507.9293, -105.2992, 0],
		[290, "PAD202", "T", 1167.7693, -268.6792, 0],
		[291, "PAD202", "B", 1167.7693, -268.6792, 0],
		[292, "PAD203", "T", 1507.9293, -268.6792, 0],
		[293, "PAD203", "B", 1507.9293, -268.6792, 0],
		[294, "PAD204", "T", 1916.9497, -291.3192, 0],
		[295, "PAD205", "T", 1885.4497, -291.3192, 0],
		[296, "PAD206", "T", 1664.9797, -291.3192, 0],
		[297, "PAD207", "T", 1696.4697, -291.3192, 0],
		[298, "PAD208", "T", 1722.0597, -291.3192, 0],
		[299, "PAD209", "T", 1761.4297, -291.3192, 0],
		[300, "PAD210", "T", 1781.1197, -291.3192, 0],
		[301, "PAD211", "T", 1800.7997, -291.3192, 0],
		[302, "PAD212", "T", 1820.4897, -291.3192, 0],
		[303, "PAD213", "T", 1840.1697, -291.3192, 0],
		[304, "PAD214", "T", 1620.8797, -105.2992, 0],
		[305, "PAD214", "B", 1620.8797, -105.2992, 0],
		[306, "PAD215", "T", 1961.0397, -105.2992, 0],
		[307, "PAD215", "B", 1961.0397, -105.2992, 0],
		[308, "PAD216", "T", 1620.8797, -268.6792, 0],
		[309, "PAD216", "B", 1620.8797, -268.6792, 0],
		[310, "PAD217", "T", 1961.0397, -268.6792, 0],
		[311, "PAD217", "B", 1961.0397, -268.6792, 0],
		[312, "PAD218", "T", 1615.04, -850, 0],
		[313, "PAD218", "B", 1615.04, -850, 0],
		[314, "PAD219", "T", 1430, -850, 0],
		[315, "PAD219", "B", 1430, -850, 0],
		[316, "PAD220", "T", 1406.5, -1274.6, 0],
		[317, "PAD221", "T", 1343.5, -1274.8, 0],
		[318, "PAD222", "T", 852.05, -756.42, 0],
		[319, "PAD222", "B", 852.05, -756.42, 0],
		[320, "PAD223", "T", 852.05, -933.58, 0],
		[321, "PAD223", "B", 852.05, -933.58, 0],
		[322, "PAD224", "T", 2055, -834.66, 0],
		[323, "PAD225", "T", 2055, -775.34, 0],
		[324, "PAD226", "T", 2055, -655.34, 0],
		[325, "PAD227", "T", 2055, -714.66, 0],
		[326, "PAD228", "T", 1804.66, -609.8, 0],
		[327, "PAD229", "T", 1745.34, -609.8, 0],
		[328, "PAD230", "T", 2018.5, -889.8, 0],
		[329, "PAD231", "T", 1955.5, -890, 0],
		[330, "PAD232", "T", 1847.44, -890, 0],
		[331, "PAD233", "T", 1902.56, -890, 0],
		[332, "PAD234", "T", 1792.56, -890, 0],
		[333, "PAD235", "T", 1737.44, -890, 0],
		[334, "PAD236", "T", 1792.56, -950, 0],
		[335, "PAD237", "T", 1737.44, -950, 0],
		[336, "PAD238", "T", 620, -235, 0],
		[337, "PAD238", "B", 620, -235, 0],
		[338, "PAD239", "T", 720, -235, 0],
		[339, "PAD239", "B", 720, -235, 0],
		[340, "PAD240", "T", 820, -235, 0],
		[341, "PAD240", "B", 820, -235, 0],
		[342, "PAD241", "T", 920, -235, 0],
		[343, "PAD241", "B", 920, -235, 0],
		[344, "PAD242", "T", 110, -235, 0],
		[345, "PAD242", "B", 110, -235, 0],
		[346, "PAD243", "T", 210, -235, 0],
		[347, "PAD243", "B", 210, -235, 0],
		[348, "PAD244", "T", 310, -235, 0],
		[349, "PAD244", "B", 310, -235, 0],
		[350, "PAD245", "T", 410, -235, 0],
		[351, "PAD245", "B", 410, -235, 0],
		[352, "PAD246", "T", 110, -70, 0],
		[353, "PAD246", "B", 110, -70, 0],
		[354, "PAD247", "T", 210, -70, 0],
		[355, "PAD247", "B", 210, -70, 0],
		[356, "PAD248", "T", 310, -70, 0],
		[357, "PAD248", "B", 310, -70, 0],
		[358, "PAD249", "T", 410, -70, 0],
		[359, "PAD249", "B", 410, -70, 0],
		[360, "PAD250", "T", 510, -70, 0],
		[361, "PAD250", "B", 510, -70, 0],
		[362, "PAD251", "T", 610, -70, 0],
		[363, "PAD251", "B", 610, -70, 0],
		[364, "PAD252", "T", 710, -70, 0],
		[365, "PAD252", "B", 710, -70, 0],
		[366, "PAD253", "T", 810, -70, 0],
		[367, "PAD253", "B", 810, -70, 0]
	]
},
"pins": {
	"fields": ["PIN_NO", "PIN_NAME", "PIN_X", "PIN_Y", "LAYER", "PIN_TYPE", "NET_NAME", "NET_TYPE", "PAD_SHAPE", "PAD_SIZEX", "PAD_SIZEY", "HOLE_SIZE", "HOLE_LEN", "PAD_ANGLE"],
	"rows": [
		[1, "BAT_1", 1960, -995, "T", "DIP", "BAT+", "", "C", 78.74, 78.74, 51.182, 51.182, 270],
		[2, "BAT_1", 1960, -995, "B", "DIP", "BAT+", "", "C", 78.74, 78.74, 51.182, 51.182, 270],
		[3, "BAT_2", 1960, -1095, "T", "DIP", "GND", "GND", "C", 78.74, 78.74, 51.182, 51.182, 270],
		[4, "BAT_2", 1960, -1095, "B", "DIP", "GND", "GND", "C", 78.74, 78.74, 51.182, 51.182, 270],
		[5, "BOOT_1", 830.9644, -583.582, "T", "SMD", "NET_1", "", "R", 27.559, 51.181, 0, 0, 180],
		[6, "BOOT_2", 830.9644, -406.418, "T", "SMD", "0", "", "R", 27.559, 51.181, 0, 0, 180],
		[7, "BOOT_3", 915.6144, -583.582, "T", "SMD", "NET_2", "", "R", 27.559, 51.181, 0, 0, 180],
		[8, "BOOT_4", 915.6144, -406.418, "T", "SMD", "GND", "GND", "R", 27.559, 51.181, 0, 0, 180],
		[9, "BUZZER_1", 1242.184, -1245, "T", "SMD", "3V3", "", "R", 98.425, 70.866, 0, 0, 0],
		[10, "BUZZER_2", 887.824, -1245, "T", "SMD", "$1N4246", "", "R", 98.425, 70.866, 0, 0, 0],
		[11, "C1_1", 55.14, -1337.7165, "T", "SMD", "GND", "GND", "R", 31.496, 35.433, 0, 0, 0],
		[12, "C1_2", 110.26, -1337.7165, "T", "SMD", "3V3", "", "R", 31.496, 35.433, 0, 0, 0],
		[13, "C2_1", 55.14, -1280, "T", "SMD", "GND", "GND", "R", 31.496, 35.433, 0, 0, 0],
		[14, "C2_2", 110.26, -1280, "T", "SMD", "3V3", "", "R", 31.496, 35.433, 0, 0, 0],
		[15, "C3_1", 765, -452.56, "T", "SMD", "0", "", "R", 31.496, 35.433, 0, 0, 90],
		[16, "C3_2", 765, -397.44, "T", "SMD", "GND", "GND", "R", 31.496, 35.433, 0, 0, 90],
		[17, "C4_1", 110.26, -1450, "T", "SMD", "EN", "", "R", 31.496, 35.433, 0, 0, 180],
		[18, "C4_2", 55.14, -1450, "T", "SMD", "GND", "GND", "R", 31.496, 35.433, 0, 0, 180],
		[19, "C5_1", 1357.44, -650, "T", "SMD", "$1N2383", "", "R", 31.496, 35.433, 0, 0, 0],
		[20, "C5_2", 1412.56, -650, "T", "SMD", "GND", "GND", "R", 31.496, 35.433, 0, 0, 0],
		[21, "C6_1", 1182.44, -650, "T", "SMD", "GND", "GND", "R", 31.496, 35.433, 0, 0, 0],
		[22, "C6_2", 1237.56, -650, "T", "SMD", "3V3", "", "R", 31.496, 35.433, 0, 0, 0],
		[23, "C7_1", 1645, -1107.56, "T", "SMD", "GND", "GND", "R", 31.496, 35.433, 0, 0, 90],
		[24, "C7_2", 1645, -1052.44, "T", "SMD", "ADC_SRC", "", "R", 31.496, 35.433, 0, 0, 90],
		[25, "C8_1", 1305, -1107.44, "T", "SMD", "GND", "GND", "R", 31.496, 35.433, 0, 0, 270],
		[26, "C8_2", 1305, -1162.56, "T", "SMD", "3V3", "", "R", 31.496, 35.433, 0, 0, 270],
		[27, "C9_1", 1737.44, -950, "T", "SMD", "5V", "", "R", 31.496, 35.433, 0, 0, 0],
		[28, "C9_2", 1792.56, -950, "T", "SMD", "GND", "GND", "R", 31.496, 35.433, 0, 0, 0],
		[29, "C10_1", 1737.44, -890, "T", "SMD", "5V", "", "R", 31.496, 35.433, 0, 0, 0],
		[30, "C10_2", 1792.56, -890, "T", "SMD", "GND", "GND", "R", 31.496, 35.433, 0, 0, 0],
		[31, "C11_1", 1902.56, -890, "T", "SMD", "BAT+", "", "R", 31.496, 35.433, 0, 0, 180],
		[32, "C11_2", 1847.44, -890, "T", "SMD", "GND", "GND", "R", 31.496, 35.433, 0, 0, 180],
		[33, "C12_1", 895, -637.44, "T", "SMD", "GND", "GND", "R", 31.496, 35.433, 0, 0, 270],
		[34, "C12_2", 895, -692.56, "T", "SMD", "S", "", "R", 31.496, 35.433, 0, 0, 270],
		[35, "CH340K_1", 1358.74, -366.735, "T", "SMD", "UD+", "", "R", 23.622, 59.055, 0, 0, 180],
		[36, "CH340K_2", 1319.37, -366.735, "T", "SMD", "UD-", "", "R", 23.622, 59.055, 0, 0, 180],
		[37, "CH340K_3", 1280, -366.735, "T", "SMD", "GND", "GND", "R", 23.622, 59.055, 0, 0, 180],
		[38, "CH340K_4", 1240.63, -366.735, "T", "SMD", "DTR", "", "R", 23.622, 59.055, 0, 0, 180],
		[39, "CH340K_5", 1201.26, -366.735, "T", "SMD", "NET_3", "", "R", 23.622, 59.055, 0, 0, 180],
		[40, "CH340K_6", 1201.26, -583.265, "T", "SMD", "RTS", "", "R", 23.622, 59.055, 0, 0, 180],
		[41, "CH340K_7", 1240.63, -583.265, "T", "SMD", "3V3", "", "R", 23.622, 59.055, 0, 0, 180],
		[42, "CH340K_8", 1280, -583.265, "T", "SMD", "RX_L", "", "R", 23.622, 59.055, 0, 0, 180],
		[43, "CH340K_9", 1319.37, -583.265, "T", "SMD", "TX_L", "", "R", 23.622, 59.055, 0, 0, 180],
		[44, "CH340K_10", 1358.74, -583.265, "T", "SMD", "$1N2383", "", "R", 23.622, 59.055, 0, 0, 180],
		[45, "CH340K_11", 1280, -474.995, "T", "SMD", "GND", "GND", "R", 110.236, 94.488, 0, 0, 0],
		[46, "CHRG_1", 2018.5, -609.6, "T", "SMD", "$1N2974", "", "R", 31.5, 31.5, 0, 0, 270],
		[47, "CHRG_2", 1955.5, -609.8, "T", "SMD", "5V", "", "R", 31.5, 31.5, 0, 0, 270],
		[48, "D1_1", 1585, -474.374, "T", "SMD", "5V", "", "R", 35.827, 48.031, 0, 0, 90],
		[49, "D1_2", 1585, -345.626, "T", "SMD", "5V_USB", "", "R", 35.827, 48.031, 0, 0, 90],
		[50, "D2_1", 1485, -474.374, "T", "SMD", "5V", "", "R", 35.827, 48.031, 0, 0, 90],
		[51, "D2_2", 1485, -345.626, "T", "SMD", "5V_USART", "", "R", 35.827, 48.031, 0, 0, 90],
		[52, "D3_1", 1485, -654.374, "T", "SMD", "$1N1944", "", "R", 35.827, 48.031, 0, 0, 90],
		[53, "D3_2", 1485, -525.626, "T", "SMD", "5V", "", "R", 35.827, 48.031, 0, 0, 90],
		[54, "EXTRA_PADS_1", 110, -70, "T", "DIP", "EX_1", "", "R", 70.866, 70.866, 47.244, 47.244, 0],
		[55, "EXTRA_PADS_1", 110, -70, "B", "DIP", "EX_1", "", "R", 70.866, 70.866, 47.244, 47.244, 0],
		[56, "EXTRA_PADS_2", 210, -70, "T", "DIP", "EX_2", "", "C", 70.866, 70.866, 47.244, 47.244, 0],
		[57, "EXTRA_PADS_2", 210, -70, "B", "DIP", "EX_2", "", "C", 70.866, 70.866, 47.244, 47.244, 0],
		[58, "EXTRA_PADS_3", 310, -70, "T", "DIP", "EX_3", "", "C", 70.866, 70.866, 47.244, 47.244, 0],
		[59, "EXTRA_PADS_3", 310, -70, "B", "DIP", "EX_3", "", "C", 70.866, 70.866, 47.244, 47.244, 0],
		[60, "EXTRA_PADS_4", 410, -70, "T", "DIP", "EX_4", "", "C", 70.866, 70.866, 47.244, 47.244, 0],
		[61, "EXTRA_PADS_4", 410, -70, "B", "DIP", "EX_4", "", "C", 70.866, 70.866, 47.244, 47.244, 0],
		[62, "EXTRA_PADS_5", 510, -70, "T", "DIP", "OUT_EX_4", "", "C", 70.866, 70.866, 47.244, 47.244, 0],
		[63, "EXTRA_PADS_5", 510, -70, "B", "DIP", "OUT_EX_4", "", "C", 70.866, 70.866, 47.244, 47.244, 0],
		[64, "EXTRA_PADS_6", 610, -70, "T", "DIP", "OUT_EX_3", "", "C", 70.866, 70.866, 47.244, 47.244, 0],
		[65, "EXTRA_PADS_6", 610, -70, "B", "DIP", "OUT_EX_3", "", "C", 70.866, 70.866, 47.244, 47.244, 0],
		[66, "EXTRA_PADS_7", 710, -70, "T", "DIP", "OUT_EX_2", "", "C", 70.866, 70.866, 47.244, 47.244, 0],
		[67, "EXTRA_PADS_7", 710, -70, "B", "DIP", "OUT_EX_2", "", "C", 70.866, 70.866, 47.244, 47.244, 0],
		[68, "EXTRA_PADS_8", 810, -70, "T", "DIP", "OUT_EX_1", "", "C", 70.866, 70.866, 47.244, 47.244, 0],
		[69, "EXTRA_PADS_8", 810, -70, "B", "DIP", "OUT_EX_1", "", "C", 70.866, 70.866, 47.244, 47.244, 0],
		[70, "FULL_1", 2018.5, -889.8, "T", "SMD", "$1N2964", "", "R", 31.5, 31.5, 0, 0, 270],
		[71, "FULL_2", 1955.5, -890, "T", "SMD", "5V", "", "R", 31.5, 31.5, 0, 0, 270],
		[72, "L1_1", 1402.1902, -1050.7191, "T", "SMD", "$1N1750", "", "R", 51.181, 107.087, 0, 0, 90],
		[73, "L1_2", 1402.1902, -1157.0191, "T", "SMD", "3V3", "", "R", 51.181, 107.087, 0, 0, 90],
		[74, "L-PADs_1", 815, -1620, "T", "DIP", "3V3", "", "C", 78.74, 78.74, 51.182, 51.182, 180],
		[75, "L-PADs_1", 815, -1620, "B", "DIP", "3V3", "", "C", 78.74, 78.74, 51.182, 51.182, 180],
		[76, "L-PADs_2", 715, -1620, "T", "DIP", "GND", "GND", "C", 78.74, 78.74, 51.182, 51.182, 180],
		[77, "L-PADs_2", 715, -1620, "B", "DIP", "GND", "GND", "C", 78.74, 78.74, 51.182, 51.182, 180],
		[78, "L-PADs_3", 615, -1620, "T", "DIP", "OUT_L3", "", "C", 78.74, 78.74, 51.182, 51.182, 180],
		[79, "L-PADs_3", 615, -1620, "B", "DIP", "OUT_L3", "", "C", 78.74, 78.74, 51.182, 51.182, 180],
		[80, "L-PADs_4", 515, -1620, "T", "DIP", "OUT_L2", "", "C", 78.74, 78.74, 51.182, 51.182, 180],
		[81, "L-PADs_4", 515, -1620, "B", "DIP", "OUT_L2", "", "C", 78.74, 78.74, 51.182, 51.182, 180],
		[82, "L-PADs_5", 415, -1620, "T", "DIP", "OUT_L1", "", "C", 78.74, 78.74, 51.182, 51.182, 180],
		[83, "L-PADs_5", 415, -1620, "B", "DIP", "OUT_L1", "", "C", 78.74, 78.74, 51.182, 51.182, 180],
		[84, "L-PADs_6", 315, -1620, "T", "DIP", "PIEZO_L1", "", "C", 78.74, 78.74, 51.182, 51.182, 180],
		[85, "L-PADs_6", 315, -1620, "B", "DIP", "PIEZO_L1", "", "C", 78.74, 78.74, 51.182, 51.182, 180],
		[86, "L-PADs_7", 215, -1620, "T", "DIP", "PIEZO_L2", "", "C", 78.74, 78.74, 51.182, 51.182, 180],
		[87, "L-PADs_7", 215, -1620, "B", "DIP", "PIEZO_L2", "", "C", 78.74, 78.74, 51.182, 51.182, 180],
		[88, "L-PADs_8", 115, -1620, "T", "DIP", "PIEZO_L3", "", "C", 78.74, 78.74, 51.182, 51.182, 180],
		[89, "L-PADs_8", 115, -1620, "B", "DIP", "PIEZO_L3", "", "C", 78.74, 78.74, 51.182, 51.182, 180],
		[90, "LED_1", 986.2, -54.6, "T", "SMD", "$1N4242", "", "R", 31.5, 31.5, 0, 0, 270],
		[91, "LED_2", 923.2, -54.8, "T", "SMD", "LED", "", "R", 31.5, 31.5, 0, 0, 270],
		[92, "PWR_1", 1406.5, -1274.6, "T", "SMD", "GND", "GND", "R", 31.5, 31.5, 0, 0, 270],
		[93, "PWR_2", 1343.5, -1274.8, "T", "SMD", "$1N1753", "", "R", 31.5, 31.5, 0, 0, 270],
		[94, "Q1_1", 1561.375, -552.6, "T", "SMD", "5V", "", "R", 42.126, 23.622, 0, 0, 180],
		[95, "Q1_2", 1561.375, -627.4, "T", "SMD", "$1N1944", "", "R", 42.126, 23.622, 0, 0, 180],
		[96, "Q1_3", 1658.625, -590, "T", "SMD", "BAT+", "", "R", 42.126, 23.622, 0, 0, 180],
		[97, "Q2_1", 715.76, -1297.4, "T", "SMD", "$1N4244", "", "R", 23.622, 35.827, 0, 0, 270],
		[98, "Q2_2", 715.76, -1372.6, "T", "SMD", "GND", "GND", "R", 23.622, 35.827, 0, 0, 270],
		[99, "Q2_3", 798.84, -1335, "T", "SMD", "$1N4246", "", "R", 23.622, 35.827, 0, 0, 270],
		[100, "R1_1", 980, -395.34, "T", "SMD", "3V3", "", "R", 31.751, 34.016, 0, 0, 270],
		[101, "R1_2", 980, -454.66, "T", "SMD", "0", "", "R", 31.751, 34.016, 0, 0, 270],
		[102, "R2_1", 53.04, -1393.8583, "T", "SMD", "3V3", "", "R", 31.751, 34.016, 0, 0, 0],
		[103, "R2_2", 112.36, -1393.8583, "T", "SMD", "EN", "", "R", 31.751, 34.016, 0, 0, 0],
		[104, "R3_1", 825, -1095.34, "T", "SMD", "46", "", "R", 31.751, 34.016, 0, 0, 270],
		[105, "R3_2", 825, -1154.66, "T", "SMD", "GND", "GND", "R", 31.751, 34.016, 0, 0, 270],
		[106, "R4_1", 1700, -415.34, "T", "SMD", "$1N1730", "", "R", 31.751, 34.016, 0, 0, 270],
		[107, "R4_2", 1700, -474.66, "T", "SMD", "GND", "GND", "R", 31.751, 34.016, 0, 0, 270],
		[108, "R5_1", 1895, -415.34, "T", "SMD", "$1N1729", "", "R", 31.751, 34.016, 0, 0, 270],
		[109, "R5_2", 1895, -474.66, "T", "SMD", "GND", "GND", "R", 31.751, 34.016, 0, 0, 270],
		[110, "R6_1", 1565, -159.66, "T", "SMD", "$1N1742", "", "R", 31.751, 34.016, 0, 0, 90],
		[111, "R6_2", 1565, -100.34, "T", "SMD", "GND", "GND", "R", 31.751, 34.016, 0, 0, 90],
		[112, "R7_1", 1565, -215.34, "T", "SMD", "$1N1741", "", "R", 31.751, 34.016, 0, 0, 270],
		[113, "R7_2", 1565, -274.66, "T", "SMD", "GND", "GND", "R", 31.751, 34.016, 0, 0, 270],
		[114, "R8_1", 277.84, -395, "T", "SMD", "TX", "", "R", 31.751, 34.016, 0, 0, 0],
		[115, "R8_2", 337.16, -395, "T", "SMD", "TX_L", "", "R", 31.751, 34.016, 0, 0, 0],
		[116, "R9_1", 277.84, -450.5, "T", "SMD", "RX", "", "R", 31.751, 34.016, 0, 0, 0],
		[117, "R9_2", 337.16, -450.5, "T", "SMD", "RX_L", "", "R", 31.751, 34.016, 0, 0, 0],
		[118, "R10_1", 1745.34, -609.8, "T", "SMD", "$1N2982", "", "R", 31.751, 34.016, 0, 0, 0],
		[119, "R10_2", 1804.66, -609.8, "T", "SMD", "GND", "GND", "R", 31.751, 34.016, 0, 0, 0],
		[120, "R11_1", 2055, -714.66, "T", "SMD", "CHRG", "", "R", 31.751, 34.016, 0, 0, 90],
		[121, "R11_2", 2055, -655.34, "T", "SMD", "$1N2974", "", "R", 31.751, 34.016, 0, 0, 90],
		[122, "R12_1", 2055, -775.34, "T", "SMD", "FULL", "", "R", 31.751, 34.016, 0, 0, 270],
		[123, "R12_2", 2055, -834.66, "T", "SMD", "$1N2964", "", "R", 31.751, 34.016, 0, 0, 270],
		[124, "R13_1", 1804.66, -555, "T", "SMD", "GND", "GND", "R", 31.751, 34.016, 0, 0, 180],
		[125, "R13_2", 1745.34, -555, "T", "SMD", "5V", "", "R", 31.751, 34.016, 0, 0, 180],
		[126, "R14_1", 1519.66, -1215, "T", "SMD", "$1N1748", "", "R", 31.751, 34.016, 0, 0, 180],
		[127, "R14_2", 1460.34, -1215, "T", "SMD", "3V3", "", "R", 31.751, 34.016, 0, 0, 180],
		[128, "R15_1", 1633.804, -1215, "T", "SMD", "GND", "GND", "R", 31.751, 34.016, 0, 0, 180],
		[129, "R15_2", 1574.484, -1215, "T", "SMD", "$1N1748", "", "R", 31.751, 34.016, 0, 0, 180],
		[130, "R16_1", 1345.34, -1215, "T", "SMD", "$1N1753", "", "R", 31.751, 34.016, 0, 0, 0],
		[131, "R16_2", 1404.66, -1215, "T", "SMD", "3V3", "", "R", 31.751, 34.016, 0, 0, 0],
		[132, "R17_1", 953.0484, -694.66, "T", "SMD", "S", "", "R", 31.751, 34.016, 0, 0, 90],
		[133, "R17_2", 953.0484, -635.34, "T", "SMD", "3V3", "", "R", 31.751, 34.016, 0, 0, 90],
		[134, "R18_1", 1039.9871, -54.75, "T", "SMD", "$1N4242", "", "R", 31.751, 34.016, 0, 0, 0],
		[135, "R18_2", 1099.3071, -54.75, "T", "SMD", "GND", "GND", "R", 31.751, 34.016, 0, 0, 0],
		[136, "R19_1", 660, -1364.66, "T", "SMD", "BUZ", "", "R", 31.751, 34.016, 0, 0, 90],
		[137, "R19_2", 660, -1305.34, "T", "SMD", "$1N4244", "", "R", 31.751, 34.016, 0, 0, 90],
		[138, "R20_1", 1707.0374, -1109.66, "T", "SMD", "ADC", "", "R", 31.751, 34.016, 0, 0, 90],
		[139, "R20_2", 1707.0374, -1050.34, "T", "SMD", "ADC_SRC", "", "R", 31.751, 34.016, 0, 0, 90],
		[140, "R21_1", 1767.5, -1050.34, "T", "SMD", "GND", "GND", "R", 31.751, 34.016, 0, 0, 270],
		[141, "R21_2", 1767.5, -1109.66, "T", "SMD", "ADC", "", "R", 31.751, 34.016, 0, 0, 270],
		[142, "R22_1", 1095, -269.66, "T", "SMD", "$1N2391", "", "R", 31.751, 34.016, 0, 0, 90],
		[143, "R22_2", 1095, -210.34, "T", "SMD", "3V3", "", "R", 31.751, 34.016, 0, 0, 90],
		[144, "R23_1", 1035, -269.66, "T", "SMD", "$1N2394", "", "R", 31.751, 34.016, 0, 0, 90],
		[145, "R23_2", 1035, -210.34, "T", "SMD", "3V3", "", "R", 31.751, 34.016, 0, 0, 90],
		[146, "R-PADs_1", 1685, -1620, "T", "DIP", "3V3", "", "C", 78.74, 78.74, 51.182, 51.182, 180],
		[147, "R-PADs_1", 1685, -1620, "B", "DIP", "3V3", "", "C", 78.74, 78.74, 51.182, 51.182, 180],
		[148, "R-PADs_2", 1585, -1620, "T", "DIP", "GND", "GND", "C", 78.74, 78.74, 51.182, 51.182, 180],
		[149, "R-PADs_2", 1585, -1620, "B", "DIP", "GND", "GND", "C", 78.74, 78.74, 51.182, 51.182, 180],
		[150, "R-PADs_3", 1485, -1620, "T", "DIP", "OUT_R1", "", "C", 78.74, 78.74, 51.182, 51.182, 180],
		[151, "R-PADs_3", 1485, -1620, "B", "DIP", "OUT_R1", "", "C", 78.74, 78.74, 51.182, 51.182, 180],
		[152, "R-PADs_4", 1385, -1620, "T", "DIP", "OUT_R2", "", "C", 78.74, 78.74, 51.182, 51.182, 180],
		[153, "R-PADs_4", 1385, -1620, "B", "DIP", "OUT_R2", "", "C", 78.74, 78.74, 51.182, 51.182, 180],
		[154, "R-PADs_5", 1285, -1620, "T", "DIP", "OUT_R3", "", "C", 78.74, 78.74, 51.182, 51.182, 180],
		[155, "R-PADs_5", 1285, -1620, "B", "DIP", "OUT_R3", "", "C", 78.74, 78.74, 51.182, 51.182, 180],
		[156, "R-PADs_6", 1185, -1620, "T", "DIP", "PIEZO_R1", "", "C", 78.74, 78.74, 51.182, 51.182, 180],
		[157, "R-PADs_6", 1185, -1620, "B", "DIP", "PIEZO_R1", "", "C", 78.74, 78.74, 51.182, 51.182, 180],
		[158, "R-PADs_7", 1085, -1620, "T", "DIP", "PIEZO_R2", "", "C", 78.74, 78.74, 51.182, 51.182, 180],
		[159, "R-PADs_7", 1085, -1620, "B", "DIP", "PIEZO_R2", "", "C", 78.74, 78.74, 51.182, 51.182, 180],
		[160, "R-PADs_8", 985, -1620, "T", "DIP", "PIEZO_R3", "", "C", 78.74, 78.74, 51.182, 51.182, 180],
		[161, "R-PADs_8", 985, -1620, "B", "DIP", "PIEZO_R3", "", "C", 78.74, 78.74, 51.182, 51.182, 180],
		[162, "RESERVED_PINS_1", 620, -235, "T", "DIP", "IO45", "", "R", 66.929, 66.929, 43.308, 43.308, 0],
		[163, "RESERVED_PINS_1", 620, -235, "B", "DIP", "IO45", "", "R", 66.929, 66.929, 43.308, 43.308, 0],
		[164, "RESERVED_PINS_2", 720, -235, "T", "DIP", "IO14", "", "C", 66.929, 66.929, 43.308, 43.308, 0],
		[165, "RESERVED_PINS_2", 720, -235, "B", "DIP", "IO14", "", "C", 66.929, 66.929, 43.308, 43.308, 0],
		[166, "RESERVED_PINS_3", 820, -235, "T", "DIP", "IO13", "", "C", 66.929, 66.929, 43.308, 43.308, 0],
		[167, "RESERVED_PINS_3", 820, -235, "B", "DIP", "IO13", "", "C", 66.929, 66.929, 43.308, 43.308, 0],
		[168, "RESERVED_PINS_4", 920, -235, "T", "DIP", "IO12", "", "C", 66.929, 66.929, 43.308, 43.308, 0],
		[169, "RESERVED_PINS_4", 920, -235, "B", "DIP", "IO12", "", "C", 66.929, 66.929, 43.308, 43.308, 0],
		[170, "RESERVED_PINS1_1", 110, -235, "T", "DIP", "GND", "GND", "R", 66.929, 66.929, 43.308, 43.308, 0],
		[171, "RESERVED_PINS1_1", 110, -235, "B", "DIP", "GND", "GND", "R", 66.929, 66.929, 43.308, 43.308, 0],
		[172, "RESERVED_PINS1_2", 210, -235, "T", "DIP", "3V3", "", "C", 66.929, 66.929, 43.308, 43.308, 0],
		[173, "RESERVED_PINS1_2", 210, -235, "B", "DIP", "3V3", "", "C", 66.929, 66.929, 43.308, 43.308, 0],
		[174, "RESERVED_PINS1_3", 310, -235, "T", "DIP", "IO1", "", "C", 66.929, 66.929, 43.308, 43.308, 0],
		[175, "RESERVED_PINS1_3", 310, -235, "B", "DIP", "IO1", "", "C", 66.929, 66.929, 43.308, 43.308, 0],
		[176, "RESERVED_PINS1_4", 410, -235, "T", "DIP", "IO42", "", "C", 66.929, 66.929, 43.308, 43.308, 0],
		[177, "RESERVED_PINS1_4", 410, -235, "B", "DIP", "IO42", "", "C", 66.929, 66.929, 43.308, 43.308, 0],
		[178, "RST_1", 348.582, -1402.325, "T", "SMD", "NET_4", "", "R", 27.559, 51.181, 0, 0, 270],
		[179, "RST_2", 171.418, -1402.325, "T", "SMD", "EN", "", "R", 27.559, 51.181, 0, 0, 270],
		[180, "RST_3", 348.582, -1317.675, "T", "SMD", "NET_5", "", "R", 27.559, 51.181, 0, 0, 270],
		[181, "RST_4", 171.418, -1317.675, "T", "SMD", "GND", "GND", "R", 27.559, 51.181, 0, 0, 270],
		[182, "Rx←_1", 1035.4, -386.5, "T", "SMD", "RX_L", "", "R", 31.5, 31.5, 0, 0, 180],
		[183, "Rx←_2", 1035.2, -323.5, "T", "SMD", "$1N2394", "", "R", 31.5, 31.5, 0, 0, 180],
		[184, "S_1", 852.05, -756.42, "T", "DIP", "S", "", "C", 70.866, 70.866, 47.244, 47.244, 0],
		[185, "S_1", 852.05, -756.42, "B", "DIP", "S", "", "C", 70.866, 70.866, 47.244, 47.244, 0],
		[186, "S_2", 1107.95, -756.42, "T", "DIP", "NET_6", "", "C", 70.866, 70.866, 47.244, 47.244, 0],
		[187, "S_2", 1107.95, -756.42, "B", "DIP", "NET_6", "", "C", 70.866, 70.866, 47.244, 47.244, 0],
		[188, "S_3", 852.05, -933.58, "T", "DIP", "GND", "GND", "C", 70.866, 70.866, 47.244, 47.244, 0],
		[189, "S_3", 852.05, -933.58, "B", "DIP", "GND", "GND", "C", 70.866, 70.866, 47.244, 47.244, 0],
		[190, "S_4", 1107.95, -933.58, "T", "DIP", "NET_7", "", "C", 70.866, 70.866, 47.244, 47.244, 0],
		[191, "S_4", 1107.95, -933.58, "B", "DIP", "NET_7", "", "C", 70.866, 70.866, 47.244, 47.244, 0],
		[192, "SCREW2_1", 1675.3937, -1370, "T", "DIP", "NET_8", "", "C", 78.7402, 78.7402, 78.7402, 78.7402, 0],
		[193, "SCREW2_1", 1675.3937, -1370, "B", "DIP", "NET_8", "", "C", 78.7402, 78.7402, 78.7402, 78.7402, 0],
		[194, "SCREW3_1", 470.2756, -1370, "T", "DIP", "NET_9", "", "C", 78.7402, 78.7402, 78.7402, 86.6142, 0],
		[195, "SCREW3_1", 470.2756, -1370, "B", "DIP", "NET_9", "", "C", 78.7402, 78.7402, 78.7402, 86.6142, 0],
		[196, "SWC_1", 1615.04, -850, "T", "DIP", "ADC_SRC", "", "R", 70.866, 118.11, 47.244, 98.425, 180],
		[197, "SWC_1", 1615.04, -850, "B", "DIP", "ADC_SRC", "", "R", 70.866, 118.11, 47.244, 98.425, 180],
		[198, "SWC_2", 1430, -850, "T", "DIP", "$1N1944", "", "O", 70.866, 118.11, 47.244, 98.425, 180],
		[199, "SWC_2", 1430, -850, "B", "DIP", "$1N1944", "", "O", 70.866, 118.11, 47.244, 98.425, 180],
		[200, "SWC_3", 1244.96, -850, "T", "DIP", "NET_10", "", "O", 70.866, 118.11, 47.244, 98.425, 180],
		[201, "SWC_3", 1244.96, -850, "B", "DIP", "NET_10", "", "O", 70.866, 118.11, 47.244, 98.425, 180],
		[202, "TLV_1", 1579.9084, -1052.6841, "T", "SMD", "ADC_SRC", "", "R", 43.307, 23.622, 0, 0, 90],
		[203, "TLV_2", 1542.5084, -1052.6841, "T", "SMD", "GND", "GND", "R", 43.307, 23.622, 0, 0, 90],
		[204, "TLV_3", 1505.1084, -1052.6841, "T", "SMD", "$1N1750", "", "R", 43.307, 23.622, 0, 0, 90],
		[205, "TLV_4", 1505.1084, -1155.0541, "T", "SMD", "ADC_SRC", "", "R", 43.307, 23.622, 0, 0, 90],
		[206, "TLV_5", 1579.9084, -1155.0541, "T", "SMD", "$1N1748", "", "R", 43.307, 23.622, 0, 0, 90],
		[207, "Tx→_1", 1095.4, -386.5, "T", "SMD", "TX_L", "", "R", 31.5, 31.5, 0, 0, 180],
		[208, "Tx→_2", 1095.2, -323.5, "T", "SMD", "$1N2391", "", "R", 31.5, 31.5, 0, 0, 180],
		[209, "U1_1", 57.505, -1214.49, "T", "SMD", "GND", "GND", "R", 59.055, 35.433, 0, 0, 90],
		[210, "U1_2", 107.505, -1214.49, "T", "SMD", "3V3", "", "R", 59.055, 35.433, 0, 0, 90],
		[211, "U1_3", 157.505, -1214.49, "T", "SMD", "EN", "", "R", 59.055, 35.433, 0, 0, 90],
		[212, "U1_4", 207.505, -1214.49, "T", "SMD", "PIEZO_L3", "", "R", 59.055, 35.433, 0, 0, 90],
		[213, "U1_5", 257.505, -1214.49, "T", "SMD", "PIEZO_L2", "", "R", 59.055, 35.433, 0, 0, 90],
		[214, "U1_6", 307.505, -1214.49, "T", "SMD", "PIEZO_L1", "", "R", 59.055, 35.433, 0, 0, 90],
		[215, "U1_7", 357.505, -1214.49, "T", "SMD", "PIEZO_R3", "", "R", 59.055, 35.433, 0, 0, 90],
		[216, "U1_8", 407.505, -1214.49, "T", "SMD", "EX_1", "", "R", 59.055, 35.433, 0, 0, 90],
		[217, "U1_9", 457.505, -1214.49, "T", "SMD", "EX_2", "", "R", 59.055, 35.433, 0, 0, 90],
		[218, "U1_10", 507.505, -1214.49, "T", "SMD", "EX_3", "", "R", 59.055, 35.433, 0, 0, 90],
		[219, "U1_11", 557.505, -1214.49, "T", "SMD", "EX_4", "", "R", 59.055, 35.433, 0, 0, 90],
		[220, "U1_12", 607.505, -1214.49, "T", "SMD", "PIEZO_R2", "", "R", 59.055, 35.433, 0, 0, 90],
		[221, "U1_13", 657.505, -1214.49, "T", "SMD", "19_D-", "", "R", 59.055, 35.433, 0, 0, 90],
		[222, "U1_14", 707.505, -1214.49, "T", "SMD", "20_D+", "", "R", 59.055, 35.433, 0, 0, 90],
		[223, "U1_15", 757.895, -1145, "T", "SMD", "PIEZO_R1", "", "R", 59.055, 35.433, 0, 0, 180],
		[224, "U1_16", 757.895, -1095, "T", "SMD", "46", "", "R", 59.055, 35.433, 0, 0, 180],
		[225, "U1_17", 757.895, -1045, "T", "SMD", "OUT_R3", "", "R", 59.055, 35.433, 0, 0, 180],
		[226, "U1_18", 757.895, -995, "T", "SMD", "OUT_R2", "", "R", 59.055, 35.433, 0, 0, 180],
		[227, "U1_19", 757.895, -945, "T", "SMD", "OUT_R1", "", "R", 59.055, 35.433, 0, 0, 180],
		[228, "U1_20", 757.895, -895, "T", "SMD", "IO12", "", "R", 59.055, 35.433, 0, 0, 180],
		[229, "U1_21", 757.895, -845, "T", "SMD", "IO13", "", "R", 59.055, 35.433, 0, 0, 180],
		[230, "U1_22", 757.895, -795, "T", "SMD", "IO14", "", "R", 59.055, 35.433, 0, 0, 180],
		[231, "U1_23", 757.895, -745, "T", "SMD", "OUT_L3", "", "R", 59.055, 35.433, 0, 0, 180],
		[232, "U1_24", 757.895, -695, "T", "SMD", "OUT_L2", "", "R", 59.055, 35.433, 0, 0, 180],
		[233, "U1_25", 757.895, -645, "T", "SMD", "OUT_L1", "", "R", 59.055, 35.433, 0, 0, 180],
		[234, "U1_26", 756.715, -595, "T", "SMD", "IO45", "", "R", 59.055, 35.433, 0, 0, 180],
		[235, "U1_27", 707.505, -525.51, "T", "SMD", "0", "", "R", 59.055, 35.433, 0, 0, 270],
		[236, "U1_28", 657.505, -525.51, "T", "SMD", "OUT_EX_1", "", "R", 59.055, 35.433, 0, 0, 270],
		[237, "U1_29", 607.505, -525.51, "T", "SMD", "OUT_EX_2", "", "R", 59.055, 35.433, 0, 0, 270],
		[238, "U1_30", 557.505, -525.51, "T", "SMD", "OUT_EX_3", "", "R", 59.055, 35.433, 0, 0, 270],
		[239, "U1_31", 507.505, -525.51, "T", "SMD", "OUT_EX_4", "", "R", 59.055, 35.433, 0, 0, 270],
		[240, "U1_32", 457.505, -525.51, "T", "SMD", "LED", "", "R", 59.055, 35.433, 0, 0, 270],
		[241, "U1_33", 407.505, -525.51, "T", "SMD", "BUZ", "", "R", 59.055, 35.433, 0, 0, 270],
		[242, "U1_34", 357.505, -525.51, "T", "SMD", "S", "", "R", 59.055, 35.433, 0, 0, 270],
		[243, "U1_35", 307.505, -525.51, "T", "SMD", "IO42", "", "R", 59.055, 35.433, 0, 0, 270],
		[244, "U1_36", 257.505, -525.51, "T", "SMD", "RX", "", "R", 59.055, 35.433, 0, 0, 270],
		[245, "U1_37", 207.505, -525.51, "T", "SMD", "TX", "", "R", 59.055, 35.433, 0, 0, 270],
		[246, "U1_38", 157.505, -525.51, "T", "SMD", "ADC", "", "R", 59.055, 35.433, 0, 0, 270],
		[247, "U1_39", 107.505, -525.51, "T", "SMD", "IO1", "", "R", 59.055, 35.433, 0, 0, 270],
		[248, "U1_40", 57.505, -525.51, "T", "SMD", "GND", "GND", "R", 59.055, 35.433, 0, 0, 270],
		[249, "U1_41", 416.565, -873.94, "T", "SMD", "GND", "GND", "R", 35.433, 35.433, 0, 0, 180],
		[250, "U1_41", 416.565, -929.06, "T", "SMD", "GND", "GND", "R", 35.433, 35.433, 0, 0, 180],
		[251, "U1_41", 416.565, -984.18, "T", "SMD", "GND", "GND", "R", 35.433, 35.433, 0, 0, 180],
		[252, "U1_41", 306.325, -984.18, "T", "SMD", "GND", "GND", "R", 35.433, 35.433, 0, 0, 180],
		[253, "U1_41", 306.325, -929.06, "T", "SMD", "GND", "GND", "R", 35.433, 35.433, 0, 0, 180],
		[254, "U1_41", 306.325, -873.94, "T", "SMD", "GND", "GND", "R", 35.433, 35.433, 0, 0, 180],
		[255, "U1_41", 361.445, -873.94, "T", "SMD", "GND", "GND", "R", 35.433, 35.433, 0, 0, 180],
		[256, "U1_41", 361.445, -984.18, "T", "SMD", "GND", "GND", "R", 35.433, 35.433, 0, 0, 180],
		[257, "U1_41", 361.445, -929.06, "T", "SMD", "GND", "GND", "R", 35.433, 35.433, 0, 0, 180],
		[258, "U2_1", 1751.6523, -674.8733, "T", "SMD", "GND", "GND", "O", 62.992, 23.622, 0, 0, 0],
		[259, "U2_2", 1751.6523, -724.8733, "T", "SMD", "$1N2982", "", "O", 62.992, 23.622, 0, 0, 0],
		[260, "U2_3", 1751.6523, -774.8733, "T", "SMD", "GND", "GND", "O", 62.992, 23.622, 0, 0, 0],
		[261, "U2_4", 1751.6523, -824.8733, "T", "SMD", "5V", "", "O", 62.992, 23.622, 0, 0, 0],
		[262, "U2_5", 1987.8723, -824.8733, "T", "SMD", "BAT+", "", "O", 62.992, 23.622, 0, 0, 0],
		[263, "U2_6", 1987.8723, -774.8733, "T", "SMD", "FULL", "", "O", 62.992, 23.622, 0, 0, 0],
		[264, "U2_7", 1987.8723, -724.8733, "T", "SMD", "CHRG", "", "O", 62.992, 23.622, 0, 0, 0],
		[265, "U2_8", 1987.8723, -674.8733, "T", "SMD", "5V", "", "O", 62.992, 23.622, 0, 0, 0],
		[266, "U2_9", 1869.7623, -749.8733, "T", "SMD", "GND", "GND", "R", 118.11, 137.795, 0, 0, 0],
		[267, "U4_1", 1760.5085, -475.24, "T", "SMD", "20_D+", "", "R", 20.945, 42.205, 0, 0, 0],
		[268, "U4_2", 1797.9085, -475.24, "T", "SMD", "GND", "GND", "R", 20.945, 42.205, 0, 0, 0],
		[269, "U4_3", 1835.3085, -475.24, "T", "SMD", "19_D-", "", "R", 20.945, 42.205, 0, 0, 0],
		[270, "U4_4", 1835.3085, -384.76, "T", "SMD", "$1N1732", "", "R", 20.945, 42.205, 0, 0, 0],
		[271, "U4_5", 1797.9085, -384.76, "T", "SMD", "5V_USB", "", "R", 20.945, 42.205, 0, 0, 0],
		[272, "U4_6", 1760.5085, -384.76, "T", "SMD", "$1N1731", "", "R", 20.945, 42.205, 0, 0, 0],
		[273, "U5_1", 1142.4015, -500.5905, "T", "SMD", "RTS", "", "R", 25.5905, 15.748, 0, 0, 180],
		[274, "U5_2", 1142.4015, -475, "T", "SMD", "DTR", "", "R", 25.5905, 15.748, 0, 0, 180],
		[275, "U5_3", 1142.4015, -449.4095, "T", "SMD", "0", "", "R", 25.5905, 15.748, 0, 0, 180],
		[276, "U5_4", 1067.5985, -449.4095, "T", "SMD", "DTR", "", "R", 25.5905, 15.748, 0, 0, 180],
		[277, "U5_5", 1067.5985, -475, "T", "SMD", "RTS", "", "R", 25.5905, 15.748, 0, 0, 180],
		[278, "U5_6", 1067.5985, -500.5905, "T", "SMD", "EN", "", "R", 25.5905, 15.748, 0, 0, 180],
		[279, "USART ↑_1", 1507.9293, -268.6792, "T", "DIP", "GND", "GND", "O", 39.37, 82.677, 23.622, 66.93, 180],
		[280, "USART ↑_1", 1507.9293, -268.6792, "B", "DIP", "GND", "GND", "O", 39.37, 82.677, 23.622, 66.93, 180],
		[281, "USART ↑_2", 1167.7693, -268.6792, "T", "DIP", "GND", "GND", "O", 39.37, 82.677, 23.622, 66.93, 180],
		[282, "USART ↑_2", 1167.7693, -268.6792, "B", "DIP", "GND", "GND", "O", 39.37, 82.677, 23.622, 66.93, 180],
		[283, "USART ↑_3", 1507.9293, -105.2992, "T", "DIP", "GND", "GND", "O", 39.37, 70.866, 23.622, 55.118, 180],
		[284, "USART ↑_3", 1507.9293, -105.2992, "B", "DIP", "GND", "GND", "O", 39.37, 70.866, 23.622, 55.118, 180],
		[285, "USART ↑_4", 1167.7693, -105.2992, "T", "DIP", "GND", "GND", "O", 39.37, 70.866, 23.622, 55.118, 180],
		[286, "USART ↑_4", 1167.7693, -105.2992, "B", "DIP", "GND", "GND", "O", 39.37, 70.866, 23.622, 55.118, 180],
		[287, "USART ↑_A1B12", 1463.8393, -291.3192, "T", "SMD", "GND", "GND", "R", 23.622, 45.276, 0, 0, 180],
		[288, "USART ↑_A4B9", 1432.3393, -291.3192, "T", "SMD", "5V_USART", "", "R", 23.622, 45.276, 0, 0, 180],
		[289, "USART ↑_A5", 1387.0593, -291.3192, "T", "SMD", "$1N1741", "", "R", 11.811, 45.276, 0, 0, 180],
		[290, "USART ↑_A6", 1347.6893, -291.3192, "T", "SMD", "UD+", "", "R", 11.811, 45.276, 0, 0, 180],
		[291, "USART ↑_A7", 1328.0093, -291.3192, "T", "SMD", "UD-", "", "R", 11.811, 45.276, 0, 0, 180],
		[292, "USART ↑_A8", 1288.6393, -291.3192, "T", "SMD", "NET_11", "", "R", 11.811, 45.276, 0, 0, 180],
		[293, "USART ↑_B1A12", 1211.8693, -291.3192, "T", "SMD", "GND", "GND", "R", 23.622, 45.276, 0, 0, 180],
		[294, "USART ↑_B4A9", 1243.3593, -291.3192, "T", "SMD", "5V_USART", "", "R", 23.622, 45.276, 0, 0, 180],
		[295, "USART ↑_B5", 1268.9493, -291.3192, "T", "SMD", "$1N1742", "", "R", 11.811, 45.276, 0, 0, 180],
		[296, "USART ↑_B6", 1308.3193, -291.3192, "T", "SMD", "UD+", "", "R", 11.811, 45.276, 0, 0, 180],
		[297, "USART ↑_B7", 1367.3793, -291.3192, "T", "SMD", "UD-", "", "R", 11.811, 45.276, 0, 0, 180],
		[298, "USART ↑_B8", 1406.7493, -291.3192, "T", "SMD", "NET_12", "", "R", 11.811, 45.276, 0, 0, 180],
		[299, "USB ↓_1", 1961.0397, -268.6792, "T", "DIP", "GND", "GND", "O", 39.37, 82.677, 23.622, 66.93, 180],
		[300, "USB ↓_1", 1961.0397, -268.6792, "B", "DIP", "GND", "GND", "O", 39.37, 82.677, 23.622, 66.93, 180],
		[301, "USB ↓_2", 1620.8797, -268.6792, "T", "DIP", "GND", "GND", "O", 39.37, 82.677, 23.622, 66.93, 180],
		[302, "USB ↓_2", 1620.8797, -268.6792, "B", "DIP", "GND", "GND", "O", 39.37, 82.677, 23.622, 66.93, 180],
		[303, "USB ↓_3", 1961.0397, -105.2992, "T", "DIP", "GND", "GND", "O", 39.37, 70.866, 23.622, 55.118, 180],
		[304, "USB ↓_3", 1961.0397, -105.2992, "B", "DIP", "GND", "GND", "O", 39.37, 70.866, 23.622, 55.118, 180],
		[305, "USB ↓_4", 1620.8797, -105.2992, "T", "DIP", "GND", "GND", "O", 39.37, 70.866, 23.622, 55.118, 180],
		[306, "USB ↓_4", 1620.8797, -105.2992, "B", "DIP", "GND", "GND", "O", 39.37, 70.866, 23.622, 55.118, 180],
		[307, "USB ↓_A1B12", 1916.9497, -291.3192, "T", "SMD", "GND", "GND", "R", 23.622, 45.276, 0, 0, 180],
		[308, "USB ↓_A4B9", 1885.4497, -291.3192, "T", "SMD", "5V_USB", "", "R", 23.622, 45.276, 0, 0, 180],
		[309, "USB ↓_A5", 1840.1697, -291.3192, "T", "SMD", "$1N1729", "", "R", 11.811, 45.276, 0, 0, 180],
		[310, "USB ↓_A6", 1800.7997, -291.3192, "T", "SMD", "$1N1731", "", "R", 11.811, 45.276, 0, 0, 180],
		[311, "USB ↓_A7", 1781.1197, -291.3192, "T", "SMD", "$1N1732", "", "R", 11.811, 45.276, 0, 0, 180],
		[312, "USB ↓_A8", 1741.7497, -291.3192, "T", "SMD", "NET_13", "", "R", 11.811, 45.276, 0, 0, 180],
		[313, "USB ↓_B1A12", 1664.9797, -291.3192, "T", "SMD", "GND", "GND", "R", 23.622, 45.276, 0, 0, 180],
		[314, "USB ↓_B4A9", 1696.4697, -291.3192, "T", "SMD", "5V_USB", "", "R", 23.622, 45.276, 0, 0, 180],
		[315, "USB ↓_B5", 1722.0597, -291.3192, "T", "SMD", "$1N1730", "", "R", 11.811, 45.276, 0, 0, 180],
		[316, "USB ↓_B6", 1761.4297, -291.3192, "T", "SMD", "$1N1731", "", "R", 11.811, 45.276, 0, 0, 180],
		[317, "USB ↓_B7", 1820.4897, -291.3192, "T", "SMD", "$1N1732", "", "R", 11.811, 45.276, 0, 0, 180],
		[318, "USB ↓_B8", 1859.8597, -291.3192, "T", "SMD", "NET_14", "", "R", 11.811, 45.276, 0, 0, 180],
		[319, "PAD1_2", 830.9644, -406.418, "T", "SMD", "0", "", "R", 27.559, 51.181, 0, 0, 180],
		[320, "PAD2_4", 915.6144, -406.418, "T", "SMD", "GND", "GND", "R", 27.559, 51.181, 0, 0, 180],
		[321, "PAD3_1", 1242.184, -1245, "T", "SMD", "3V3", "", "R", 98.425, 70.866, 0, 0, 0],
		[322, "PAD4_2", 887.824, -1245, "T", "SMD", "$1N4246", "", "R", 98.425, 70.866, 0, 0, 0],
		[323, "PAD5_2", 110.26, -1337.7165, "T", "SMD", "3V3", "", "R", 31.496, 35.433, 0, 0, 0],
		[324, "PAD6_1", 55.14, -1337.7165, "T", "SMD", "GND", "GND", "R", 31.496, 35.433, 0, 0, 0],
		[325, "PAD7_2", 110.26, -1280, "T", "SMD", "3V3", "", "R", 31.496, 35.433, 0, 0, 0],
		[326, "PAD8_1", 55.14, -1280, "T", "SMD", "GND", "GND", "R", 31.496, 35.433, 0, 0, 0],
		[327, "PAD9_2", 765, -397.44, "T", "SMD", "GND", "GND", "R", 31.496, 35.433, 0, 0, 90],
		[328, "PAD10_1", 765, -452.56, "T", "SMD", "0", "", "R", 31.496, 35.433, 0, 0, 90],
		[329, "PAD11_2", 55.14, -1450, "T", "SMD", "GND", "GND", "R", 31.496, 35.433, 0, 0, 180],
		[330, "PAD12_1", 110.26, -1450, "T", "SMD", "EN", "", "R", 31.496, 35.433, 0, 0, 180],
		[331, "PAD13_2", 1412.56, -650, "T", "SMD", "GND", "GND", "R", 31.496, 35.433, 0, 0, 0],
		[332, "PAD14_1", 1357.44, -650, "T", "SMD", "$1N2383", "", "R", 31.496, 35.433, 0, 0, 0],
		[333, "PAD15_2", 1237.56, -650, "T", "SMD", "3V3", "", "R", 31.496, 35.433, 0, 0, 0],
		[334, "PAD16_1", 1182.44, -650, "T", "SMD", "GND", "GND", "R", 31.496, 35.433, 0, 0, 0],
		[335, "PAD17_2", 1645, -1052.44, "T", "SMD", "ADC_SRC", "", "R", 31.496, 35.433, 0, 0, 90],
		[336, "PAD18_1", 1645, -1107.56, "T", "SMD", "GND", "GND", "R", 31.496, 35.433, 0, 0, 90],
		[337, "PAD19_2", 1305, -1162.56, "T", "SMD", "3V3", "", "R", 31.496, 35.433, 0, 0, 270],
		[338, "PAD20_1", 1305, -1107.44, "T", "SMD", "GND", "GND", "R", 31.496, 35.433, 0, 0, 270],
		[339, "PAD21_2", 895, -692.56, "T", "SMD", "S", "", "R", 31.496, 35.433, 0, 0, 270],
		[340, "PAD22_1", 895, -637.44, "T", "SMD", "GND", "GND", "R", 31.496, 35.433, 0, 0, 270],
		[341, "PAD23_1", 1358.74, -366.735, "T", "SMD", "UD+", "", "R", 23.622, 59.055, 0, 0, 180],
		[342, "PAD24_2", 1319.37, -366.735, "T", "SMD", "UD-", "", "R", 23.622, 59.055, 0, 0, 180],
		[343, "PAD25_3", 1280, -366.735, "T", "SMD", "GND", "GND", "R", 23.622, 59.055, 0, 0, 180],
		[344, "PAD26_4", 1240.63, -366.735, "T", "SMD", "DTR", "", "R", 23.622, 59.055, 0, 0, 180],
		[345, "PAD27_6", 1201.26, -583.265, "T", "SMD", "RTS", "", "R", 23.622, 59.055, 0, 0, 180],
		[346, "PAD28_7", 1240.63, -583.265, "T", "SMD", "3V3", "", "R", 23.622, 59.055, 0, 0, 180],
		[347, "PAD29_8", 1280, -583.265, "T", "SMD", "RX_L", "", "R", 23.622, 59.055, 0, 0, 180],
		[348, "PAD30_9", 1319.37, -583.265, "T", "SMD", "TX_L", "", "R", 23.622, 59.055, 0, 0, 180],
		[349, "PAD31_10", 1358.74, -583.265, "T", "SMD", "$1N2383", "", "R", 23.622, 59.055, 0, 0, 180],
		[350, "PAD32_11", 1280, -474.995, "T", "SMD", "GND", "GND", "R", 110.236, 94.488, 0, 0, 0],
		[351, "PAD33_1", 2018.5, -609.6, "T", "SMD", "$1N2974", "", "R", 31.5, 31.5, 0, 0, 270],
		[352, "PAD34_2", 1955.5, -609.8, "T", "SMD", "5V", "", "R", 31.5, 31.5, 0, 0, 270],
		[353, "PAD35_2", 1585, -345.626, "T", "SMD", "5V_USB", "", "R", 35.827, 48.031, 0, 0, 90],
		[354, "PAD36_1", 1585, -474.374, "T", "SMD", "5V", "", "R", 35.827, 48.031, 0, 0, 90],
		[355, "PAD37_2", 1485, -345.626, "T", "SMD", "5V_USART", "", "R", 35.827, 48.031, 0, 0, 90],
		[356, "PAD38_1", 1485, -474.374, "T", "SMD", "5V", "", "R", 35.827, 48.031, 0, 0, 90],
		[357, "PAD39_2", 1485, -525.626, "T", "SMD", "5V", "", "R", 35.827, 48.031, 0, 0, 90],
		[358, "PAD40_1", 1485, -654.374, "T", "SMD", "$1N1944", "", "R", 35.827, 48.031, 0, 0, 90],
		[359, "PAD41_1", 1402.1902, -1050.7191, "T", "SMD", "$1N1750", "", "R", 51.181, 107.087, 0, 0, 90],
		[360, "PAD42_2", 1402.1902, -1157.0191, "T", "SMD", "3V3", "", "R", 51.181, 107.087, 0, 0, 90],
		[361, "PAD43_1", 815, -1620, "T", "DIP", "3V3", "", "C", 78.74, 78.74, 51.182, 51.182, 180],
		[362, "PAD43_1", 815, -1620, "B", "DIP", "3V3", "", "C", 78.74, 78.74, 51.182, 51.182, 180],
		[363, "PAD44_2", 715, -1620, "T", "DIP", "GND", "GND", "C", 78.74, 78.74, 51.182, 51.182, 180],
		[364, "PAD44_2", 715, -1620, "B", "DIP", "GND", "GND", "C", 78.74, 78.74, 51.182, 51.182, 180],
		[365, "PAD45_3", 615, -1620, "T", "DIP", "OUT_L3", "", "C", 78.74, 78.74, 51.182, 51.182, 180],
		[366, "PAD45_3", 615, -1620, "B", "DIP", "OUT_L3", "", "C", 78.74, 78.74, 51.182, 51.182, 180],
		[367, "PAD46_4", 515, -1620, "T", "DIP", "OUT_L2", "", "C", 78.74, 78.74, 51.182, 51.182, 180],
		[368, "PAD46_4", 515, -1620, "B", "DIP", "OUT_L2", "", "C", 78.74, 78.74, 51.182, 51.182, 180],
		[369, "PAD47_5", 415, -1620, "T", "DIP", "OUT_L1", "", "C", 78.74, 78.74, 51.182, 51.182, 180],
		[370, "PAD47_5", 415, -1620, "B", "DIP", "OUT_L1", "", "C", 78.74, 78.74, 51.182, 51.182, 180],
		[371, "PAD48_6", 315, -1620, "T", "DIP", "PIEZO_L1", "", "C", 78.74, 78.74, 51.182, 51.182, 180],
		[372, "PAD48_6", 315, -1620, "B", "DIP", "PIEZO_L1", "", "C", 78.74, 78.74, 51.182, 51.182, 180],
		[373, "PAD49_7", 215, -1620, "T", "DIP", "PIEZO_L2", "", "C", 78.74, 78.74, 51.182, 51.182, 180],
		[374, "PAD49_7", 215, -1620, "B", "DIP", "PIEZO_L2", "", "C", 78.74, 78.74, 51.182, 51.182, 180],
		[375, "PAD50_8", 115, -1620, "T", "DIP", "PIEZO_L3", "", "C", 78.74, 78.74, 51.182, 51.182, 180],
		[376, "PAD50_8", 115, -1620, "B", "DIP", "PIEZO_L3", "", "C", 78.74, 78.74, 51.182, 51.182, 180],
		[377, "PAD51_1", 986.2, -54.6, "T", "SMD", "$1N4242", "", "R", 31.5, 31.5, 0, 0, 270],
		[378, "PAD52_2", 923.2, -54.8, "T", "SMD", "LED", "", "R", 31.5, 31.5, 0, 0, 270],
		[379, "PAD53_1", 1960, -995, "T", "DIP", "BAT+", "", "C", 78.74, 78.74, 51.182, 51.182, 270],
		[380, "PAD53_1", 1960, -995, "B", "DIP", "BAT+", "", "C", 78.74, 78.74, 51.182, 51.182, 270],
		[381, "PAD54_2", 1960, -1095, "T", "DIP", "GND", "GND", "C", 78.74, 78.74, 51.182, 51.182, 270],
		[382, "PAD54_2", 1960, -1095, "B", "DIP", "GND", "GND", "C", 78.74, 78.74, 51.182, 51.182, 270],
		[383, "PAD55_1", 1561.375, -552.6, "T", "SMD", "5V", "", "R", 42.126, 23.622, 0, 0, 180],
		[384, "PAD56_2", 1561.375, -627.4, "T", "SMD", "$1N1944", "", "R", 42.126, 23.622, 0, 0, 180],
		[385, "PAD57_3", 1658.625, -590, "T", "SMD", "BAT+", "", "R", 42.126, 23.622, 0, 0, 180],
		[386, "PAD58_1", 715.76, -1297.4, "T", "SMD", "$1N4244", "", "R", 23.622, 35.827, 0, 0, 270],
		[387, "PAD59_2", 715.76, -1372.6, "T", "SMD", "GND", "GND", "R", 23.622, 35.827, 0, 0, 270],
		[388, "PAD60_3", 798.84, -1335, "T", "SMD", "$1N4246", "", "R", 23.622, 35.827, 0, 0, 270],
		[389, "PAD61_2", 980, -454.66, "T", "SMD", "0", "", "R", 31.751, 34.016, 0, 0, 270],
		[390, "PAD62_1", 980, -395.34, "T", "SMD", "3V3", "", "R", 31.751, 34.016, 0, 0, 270],
		[391, "PAD63_2", 112.36, -1393.8583, "T", "SMD", "EN", "", "R", 31.751, 34.016, 0, 0, 0],
		[392, "PAD64_1", 53.04, -1393.8583, "T", "SMD", "3V3", "", "R", 31.751, 34.016, 0, 0, 0],
		[393, "PAD65_2", 825, -1154.66, "T", "SMD", "GND", "GND", "R", 31.751, 34.016, 0, 0, 270],
		[394, "PAD66_1", 825, -1095.34, "T", "SMD", "46", "", "R", 31.751, 34.016, 0, 0, 270],
		[395, "PAD67_2", 1700, -474.66, "T", "SMD", "GND", "GND", "R", 31.751, 34.016, 0, 0, 270],
		[396, "PAD68_1", 1700, -415.34, "T", "SMD", "$1N1730", "", "R", 31.751, 34.016, 0, 0, 270],
		[397, "PAD69_2", 1895, -474.66, "T", "SMD", "GND", "GND", "R", 31.751, 34.016, 0, 0, 270],
		[398, "PAD70_1", 1895, -415.34, "T", "SMD", "$1N1729", "", "R", 31.751, 34.016, 0, 0, 270],
		[399, "PAD71_2", 1565, -100.34, "T", "SMD", "GND", "GND", "R", 31.751, 34.016, 0, 0, 90],
		[400, "PAD72_1", 1565, -159.66, "T", "SMD", "$1N1742", "", "R", 31.751, 34.016, 0, 0, 90],
		[401, "PAD73_2", 1565, -274.66, "T", "SMD", "GND", "GND", "R", 31.751, 34.016, 0, 0, 270],
		[402, "PAD74_1", 1565, -215.34, "T", "SMD", "$1N1741", "", "R", 31.751, 34.016, 0, 0, 270],
		[403, "PAD75_2", 337.16, -395, "T", "SMD", "TX_L", "", "R", 31.751, 34.016, 0, 0, 0],
		[404, "PAD76_1", 277.84, -395, "T", "SMD", "TX", "", "R", 31.751, 34.016, 0, 0, 0],
		[405, "PAD77_2", 337.16, -450.5, "T", "SMD", "RX_L", "", "R", 31.751, 34.016, 0, 0, 0],
		[406, "PAD78_1", 277.84, -450.5, "T", "SMD", "RX", "", "R", 31.751, 34.016, 0, 0, 0],
		[407, "PAD79_2", 1745.34, -555, "T", "SMD", "5V", "", "R", 31.751, 34.016, 0, 0, 180],
		[408, "PAD80_1", 1804.66, -555, "T", "SMD", "GND", "GND", "R", 31.751, 34.016, 0, 0, 180],
		[409, "PAD81_2", 1460.34, -1215, "T", "SMD", "3V3", "", "R", 31.751, 34.016, 0, 0, 180],
		[410, "PAD82_1", 1519.66, -1215, "T", "SMD", "$1N1748", "", "R", 31.751, 34.016, 0, 0, 180],
		[411, "PAD83_2", 1574.484, -1215, "T", "SMD", "$1N1748", "", "R", 31.751, 34.016, 0, 0, 180],
		[412, "PAD84_1", 1633.804, -1215, "T", "SMD", "GND", "GND", "R", 31.751, 34.016, 0, 0, 180],
		[413, "PAD85_2", 1404.66, -1215, "T", "SMD", "3V3", "", "R", 31.751, 34.016, 0, 0, 0],
		[414, "PAD86_1", 1345.34, -1215, "T", "SMD", "$1N1753", "", "R", 31.751, 34.016, 0, 0, 0],
		[415, "PAD87_2", 953.0484, -635.34, "T", "SMD", "3V3", "", "R", 31.751, 34.016, 0, 0, 90],
		[416, "PAD88_1", 953.0484, -694.66, "T", "SMD", "S", "", "R", 31.751, 34.016, 0, 0, 90],
		[417, "PAD89_2", 1099.3071, -54.75, "T", "SMD", "GND", "GND", "R", 31.751, 34.016, 0, 0, 0],
		[418, "PAD90_1", 1039.9871, -54.75, "T", "SMD", "$1N4242", "", "R", 31.751, 34.016, 0, 0, 0],
		[419, "PAD91_2", 660, -1305.34, "T", "SMD", "$1N4244", "", "R", 31.751, 34.016, 0, 0, 90],
		[420, "PAD92_1", 660, -1364.66, "T", "SMD", "BUZ", "", "R", 31.751, 34.016, 0, 0, 90],
		[421, "PAD93_2", 1707.0374, -1050.34, "T", "SMD", "ADC_SRC", "", "R", 31.751, 34.016, 0, 0, 90],
		[422, "PAD94_1", 1707.0374, -1109.66, "T", "SMD", "ADC", "", "R", 31.751, 34.016, 0, 0, 90],
		[423, "PAD95_2", 1767.5, -1109.66, "T", "SMD", "ADC", "", "R", 31.751, 34.016, 0, 0, 270],
		[424, "PAD96_1", 1767.5, -1050.34, "T", "SMD", "GND", "GND", "R", 31.751, 34.016, 0, 0, 270],
		[425, "PAD97_2", 1095, -210.34, "T", "SMD", "3V3", "", "R", 31.751, 34.016, 0, 0, 90],
		[426, "PAD98_1", 1095, -269.66, "T", "SMD", "$1N2391", "", "R", 31.751, 34.016, 0, 0, 90],
		[427, "PAD99_2", 1035, -210.34, "T", "SMD", "3V3", "", "R", 31.751, 34.016, 0, 0, 90],
		[428, "PAD100_1", 1035, -269.66, "T", "SMD", "$1N2394", "", "R", 31.751, 34.016, 0, 0, 90],
		[429, "PAD101_1", 1685, -1620, "T", "DIP", "3V3", "", "C", 78.74, 78.74, 51.182, 51.182, 180],
		[430, "PAD101_1", 1685, -1620, "B", "DIP", "3V3", "", "C", 78.74, 78.74, 51.182, 51.182, 180],
		[431, "PAD102_2", 1585, -1620, "T", "DIP", "GND", "GND", "C", 78.74, 78.74, 51.182, 51.182, 180],
		[432, "PAD102_2", 1585, -1620, "B", "DIP", "GND", "GND", "C", 78.74, 78.74, 51.182, 51.182, 180],
		[433, "PAD103_3", 1485, -1620, "T", "DIP", "OUT_R1", "", "C", 78.74, 78.74, 51.182, 51.182, 180],
		[434, "PAD103_3", 1485, -1620, "B", "DIP", "OUT_R1", "", "C", 78.74, 78.74, 51.182, 51.182, 180],
		[435, "PAD104_4", 1385, -1620, "T", "DIP", "OUT_R2", "", "C", 78.74, 78.74, 51.182, 51.182, 180],
		[436, "PAD104_4", 1385, -1620, "B", "DIP", "OUT_R2", "", "C", 78.74, 78.74, 51.182, 51.182, 180],
		[437, "PAD105_5", 1285, -1620, "T", "DIP", "OUT_R3", "", "C", 78.74, 78.74, 51.182, 51.182, 180],
		[438, "PAD105_5", 1285, -1620, "B", "DIP", "OUT_R3", "", "C", 78.74, 78.74, 51.182, 51.182, 180],
		[439, "PAD106_6", 1185, -1620, "T", "DIP", "PIEZO_R1", "", "C", 78.74, 78.74, 51.182, 51.182, 180],
		[440, "PAD106_6", 1185, -1620, "B", "DIP", "PIEZO_R1", "", "C", 78.74, 78.74, 51.182, 51.182, 180],
		[441, "PAD107_7", 1085, -1620, "T", "DIP", "PIEZO_R2", "", "C", 78.74, 78.74, 51.182, 51.182, 180],
		[442, "PAD107_7", 1085, -1620, "B", "DIP", "PIEZO_R2", "", "C", 78.74, 78.74, 51.182, 51.182, 180],
		[443, "PAD108_8", 985, -1620, "T", "DIP", "PIEZO_R3", "", "C", 78.74, 78.74, 51.182, 51.182, 180],
		[444, "PAD108_8", 985, -1620, "B", "DIP", "PIEZO_R3", "", "C", 78.74, 78.74, 51.182, 51.182, 180],
		[445, "PAD109_2", 171.418, -1402.325, "T", "SMD", "EN", "", "R", 27.559, 51.181, 0, 0, 270],
		[446, "PAD110_4", 171.418, -1317.675, "T", "SMD", "GND", "GND", "R", 27.559, 51.181, 0, 0, 270],
		[447, "PAD111_1", 1035.4, -386.5, "T", "SMD", "RX_L", "", "R", 31.5, 31.5, 0, 0, 180],
		[448, "PAD112_2", 1035.2, -323.5, "T", "SMD", "$1N2394", "", "R", 31.5, 31.5, 0, 0, 180],
		[449, "PAD113_1", 1095.4, -386.5, "T", "SMD", "TX_L", "", "R", 31.5, 31.5, 0, 0, 180],
		[450, "PAD114_2", 1095.2, -323.5, "T", "SMD", "$1N2391", "", "R", 31.5, 31.5, 0, 0, 180],
		[451, "PAD115_1", 57.505, -1214.49, "T", "SMD", "GND", "GND", "R", 59.055, 35.433, 0, 0, 90],
		[452, "PAD116_2", 107.505, -1214.49, "T", "SMD", "3V3", "", "R", 59.055, 35.433, 0, 0, 90],
		[453, "PAD117_3", 157.505, -1214.49, "T", "SMD", "EN", "", "R", 59.055, 35.433, 0, 0, 90],
		[454, "PAD118_4", 207.505, -1214.49, "T", "SMD", "PIEZO_L3", "", "R", 59.055, 35.433, 0, 0, 90],
		[455, "PAD119_5", 257.505, -1214.49, "T", "SMD", "PIEZO_L2", "", "R", 59.055, 35.433, 0, 0, 90],
		[456, "PAD120_6", 307.505, -1214.49, "T", "SMD", "PIEZO_L1", "", "R", 59.055, 35.433, 0, 0, 90],
		[457, "PAD121_7", 357.505, -1214.49, "T", "SMD", "PIEZO_R3", "", "R", 59.055, 35.433, 0, 0, 90],
		[458, "PAD122_8", 407.505, -1214.49, "T", "SMD", "EX_1", "", "R", 59.055, 35.433, 0, 0, 90],
		[459, "PAD123_9", 457.505, -1214.49, "T", "SMD", "EX_2", "", "R", 59.055, 35.433, 0, 0, 90],
		[460, "PAD124_10", 507.505, -1214.49, "T", "SMD", "EX_3", "", "R", 59.055, 35.433, 0, 0, 90],
		[461, "PAD125_11", 557.505, -1214.49, "T", "SMD", "EX_4", "", "R", 59.055, 35.433, 0, 0, 90],
		[462, "PAD126_12", 607.505, -1214.49, "T", "SMD", "PIEZO_R2", "", "R", 59.055, 35.433, 0, 0, 90],
		[463, "PAD127_13", 657.505, -1214.49, "T", "SMD", "19_D-", "", "R", 59.055, 35.433, 0, 0, 90],
		[464, "PAD128_14", 707.505, -1214.49, "T", "SMD", "20_D+", "", "R", 59.055, 35.433, 0, 0, 90],
		[465, "PAD129_15", 757.895, -1145, "T", "SMD", "PIEZO_R1", "", "R", 59.055, 35.433, 0, 0, 180],
		[466, "PAD130_16", 757.895, -1095, "T", "SMD", "46", "", "R", 59.055, 35.433, 0, 0, 180],
		[467, "PAD131_17", 757.895, -1045, "T", "SMD", "OUT_R3", "", "R", 59.055, 35.433, 0, 0, 180],
		[468, "PAD132_18", 757.895, -995, "T", "SMD", "OUT_R2", "", "R", 59.055, 35.433, 0, 0, 180],
		[469, "PAD133_19", 757.895, -945, "T", "SMD", "OUT_R1", "", "R", 59.055, 35.433, 0, 0, 180],
		[470, "PAD134_20", 757.895, -895, "T", "SMD", "IO12", "", "R", 59.055, 35.433, 0, 0, 180],
		[471, "PAD135_21", 757.895, -845, "T", "SMD", "IO13", "", "R", 59.055, 35.433, 0, 0, 180],
		[472, "PAD136_22", 757.895, -795, "T", "SMD", "IO14", "", "R", 59.055, 35.433, 0, 0, 180],
		[473, "PAD137_23", 757.895, -745, "T", "SMD", "OUT_L3", "", "R", 59.055, 35.433, 0, 0, 180],
		[474, "PAD138_24", 757.895, -695, "T", "SMD", "OUT_L2", "", "R", 59.055, 35.433, 0, 0, 180],
		[475, "PAD139_25", 757.895, -645, "T", "SMD", "OUT_L1", "", "R", 59.055, 35.433, 0, 0, 180],
		[476, "PAD140_26", 756.715, -595, "T", "SMD", "IO45", "", "R", 59.055, 35.433, 0, 0, 180],
		[477, "PAD141_27", 707.505, -525.51, "T", "SMD", "0", "", "R", 59.055, 35.433, 0, 0, 270],
		[478, "PAD142_28", 657.505, -525.51, "T", "SMD", "OUT_EX_1", "", "R", 59.055, 35.433, 0, 0, 270],
		[479, "PAD143_29", 607.505, -525.51, "T", "SMD", "OUT_EX_2", "", "R", 59.055, 35.433, 0, 0, 270],
		[480, "PAD144_30", 557.505, -525.51, "T", "SMD", "OUT_EX_3", "", "R", 59.055, 35.433, 0, 0, 270],
		[481, "PAD145_31", 507.505, -525.51, "T", "SMD", "OUT_EX_4", "", "R", 59.055, 35.433, 0, 0, 270],
		[482, "PAD146_32", 457.505, -525.51, "T", "SMD", "LED", "", "R", 59.055, 35.433, 0, 0, 270],
		[483, "PAD147_33", 407.505, -525.51, "T", "SMD", "BUZ", "", "R", 59.055, 35.433, 0, 0, 270],
		[484, "PAD148_34", 357.505, -525.51, "T", "SMD", "S", "", "R", 59.055, 35.433, 0, 0, 270],
		[485, "PAD149_35", 307.505, -525.51, "T", "SMD", "IO42", "", "R", 59.055, 35.433, 0, 0, 270],
		[486, "PAD150_36", 257.505, -525.51, "T", "SMD", "RX", "", "R", 59.055, 35.433, 0, 0, 270],
		[487, "PAD151_37", 207.505, -525.51, "T", "SMD", "TX", "", "R", 59.055, 35.433, 0, 0, 270],
		[488, "PAD152_38", 157.505, -525.51, "T", "SMD", "ADC", "", "R", 59.055, 35.433, 0, 0, 270],
		[489, "PAD153_39", 107.505, -525.51, "T", "SMD", "IO1", "", "R", 59.055, 35.433, 0, 0, 270],
		[490, "PAD154_40", 57.505, -525.51, "T", "SMD", "GND", "GND", "R", 59.055, 35.433, 0, 0, 270],
		[491, "PAD155_41", 416.565, -873.94, "T", "SMD", "GND", "GND", "R", 35.433, 35.433, 0, 0, 180],
		[492, "PAD156_41", 416.565, -929.06, "T", "SMD", "GND", "GND", "R", 35.433, 35.433, 0, 0, 180],
		[493, "PAD157_41", 416.565, -984.18, "T", "SMD", "GND", "GND", "R", 35.433, 35.433, 0, 0, 180],
		[494, "PAD158_41", 306.325, -984.18, "T", "SMD", "GND", "GND", "R", 35.433, 35.433, 0, 0, 180],
		[495, "PAD159_41", 306.325, -929.06, "T", "SMD", "GND", "GND", "R", 35.433, 35.433, 0, 0, 180],
		[496, "PAD160_41", 306.325, -873.94, "T", "SMD", "GND", "GND", "R", 35.433, 35.433, 0, 0, 180],
		[497, "PAD161_41", 361.445, -873.94, "T", "SMD", "GND", "GND", "R", 35.433, 35.433, 0, 0, 180],
		[498, "PAD162_41", 361.445, -984.18, "T", "SMD", "GND", "GND", "R", 35.433, 35.433, 0, 0, 180],
		[499, "PAD163_41", 361.445, -929.06, "T", "SMD", "GND", "GND", "R", 35.433, 35.433, 0, 0, 180],
		[500, "PAD164_5", 1987.8723, -824.8733, "T", "SMD", "BAT+", "", "O", 62.992, 23.622, 0, 0, 0],
		[501, "PAD165_6", 1987.8723, -774.8733, "T", "SMD", "FULL", "", "O", 62.992, 23.622, 0, 0, 0],
		[502, "PAD166_7", 1987.8723, -724.8733, "T", "SMD", "CHRG", "", "O", 62.992, 23.622, 0, 0, 0],
		[503, "PAD167_8", 1987.8723, -674.8733, "T", "SMD", "5V", "", "O", 62.992, 23.622, 0, 0, 0],
		[504, "PAD168_4", 1751.6523, -824.8733, "T", "SMD", "5V", "", "O", 62.992, 23.622, 0, 0, 0],
		[505, "PAD169_3", 1751.6523, -774.8733, "T", "SMD", "GND", "GND", "O", 62.992, 23.622, 0, 0, 0],
		[506, "PAD170_2", 1751.6523, -724.8733, "T", "SMD", "$1N2982", "", "O", 62.992, 23.622, 0, 0, 0],
		[507, "PAD171_1", 1751.6523, -674.8733, "T", "SMD", "GND", "GND", "O", 62.992, 23.622, 0, 0, 0],
		[508, "PAD172_9", 1869.7623, -749.8733, "T", "SMD", "GND", "GND", "R", 118.11, 137.795, 0, 0, 0],
		[509, "PAD173_5", 1579.9084, -1155.0541, "T", "SMD", "$1N1748", "", "R", 43.307, 23.622, 0, 0, 90],
		[510, "PAD174_4", 1505.1084, -1155.0541, "T", "SMD", "ADC_SRC", "", "R", 43.307, 23.622, 0, 0, 90],
		[511, "PAD175_3", 1505.1084, -1052.6841, "T", "SMD", "$1N1750", "", "R", 43.307, 23.622, 0, 0, 90],
		[512, "PAD176_2", 1542.5084, -1052.6841, "T", "SMD", "GND", "GND", "R", 43.307, 23.622, 0, 0, 90],
		[513, "PAD177_1", 1579.9084, -1052.6841, "T", "SMD", "ADC_SRC", "", "R", 43.307, 23.622, 0, 0, 90],
		[514, "PAD178_1", 1760.5085, -475.24, "T", "SMD", "20_D+", "", "R", 20.945, 42.205, 0, 0, 0],
		[515, "PAD179_2", 1797.9085, -475.24, "T", "SMD", "GND", "GND", "R", 20.945, 42.205, 0, 0, 0],
		[516, "PAD180_3", 1835.3085, -475.24, "T", "SMD", "19_D-", "", "R", 20.945, 42.205, 0, 0, 0],
		[517, "PAD181_4", 1835.3085, -384.76, "T", "SMD", "$1N1732", "", "R", 20.945, 42.205, 0, 0, 0],
		[518, "PAD182_5", 1797.9085, -384.76, "T", "SMD", "5V_USB", "", "R", 20.945, 42.205, 0, 0, 0],
		[519, "PAD183_6", 1760.5085, -384.76, "T", "SMD", "$1N1731", "", "R", 20.945, 42.205, 0, 0, 0],
		[520, "PAD184_1", 1142.4015, -500.5905, "T", "SMD", "RTS", "", "R", 25.5905, 15.748, 0, 0, 180],
		[521, "PAD185_2", 1142.4015, -475, "T", "SMD", "DTR", "", "R", 25.5905, 15.748, 0, 0, 180],
		[522, "PAD186_3", 1142.4015, -449.4095, "T", "SMD", "0", "", "R", 25.5905, 15.748, 0, 0, 180],
		[523, "PAD187_4", 1067.5985, -449.4095, "T", "SMD", "DTR", "", "R", 25.5905, 15.748, 0, 0, 180],
		[524, "PAD188_5", 1067.5985, -475, "T", "SMD", "RTS", "", "R", 25.5905, 15.748, 0, 0, 180],
		[525, "PAD189_6", 1067.5985, -500.5905, "T", "SMD", "EN", "", "R", 25.5905, 15.748, 0, 0, 180],
		[526, "PAD190_A1B12", 1463.8393, -291.3192, "T", "SMD", "GND", "GND", "R", 23.622, 45.276, 0, 0, 180],
		[527, "PAD191_A4B9", 1432.3393, -291.3192, "T", "SMD", "5V_USART", "", "R", 23.622, 45.276, 0, 0, 180],
		[528, "PAD192_B1A12", 1211.8693, -291.3192, "T", "SMD", "GND", "GND", "R", 23.622, 45.276, 0, 0, 180],
		[529, "PAD193_B4A9", 1243.3593, -291.3192, "T", "SMD", "5V_USART", "", "R", 23.622, 45.276, 0, 0, 180],
		[530, "PAD194_B5", 1268.9493, -291.3192, "T", "SMD", "$1N1742", "", "R", 11.811, 45.276, 0, 0, 180],
		[531, "PAD195_B6", 1308.3193, -291.3192, "T", "SMD", "UD+", "", "R", 11.811, 45.276, 0, 0, 180],
		[532, "PAD196_A7", 1328.0093, -291.3192, "T", "SMD", "UD-", "", "R", 11.811, 45.276, 0, 0, 180],
		[533, "PAD197_A6", 1347.6893, -291.3192, "T", "SMD", "UD+", "", "R", 11.811, 45.276, 0, 0, 180],
		[534, "PAD198_B7", 1367.3793, -291.3192, "T", "SMD", "UD-", "", "R", 11.811, 45.276, 0, 0, 180],
		[535, "PAD199_A5", 1387.0593, -291.3192, "T", "SMD", "$1N1741", "", "R", 11.811, 45.276, 0, 0, 180],
		[536, "PAD200_4", 1167.7693, -105.2992, "T", "DIP", "GND", "GND", "O", 39.37, 70.866, 23.622, 55.118, 180],
		[537, "PAD200_4", 1167.7693, -105.2992, "B", "DIP", "GND", "GND", "O", 39.37, 70.866, 23.622, 55.118, 180],
		[538, "PAD201_3", 1507.9293, -105.2992, "T", "DIP", "GND", "GND", "O", 39.37, 70.866, 23.622, 55.118, 180],
		[539, "PAD201_3", 1507.9293, -105.2992, "B", "DIP", "GND", "GND", "O", 39.37, 70.866, 23.622, 55.118, 180],
		[540, "PAD202_2", 1167.7693, -268.6792, "T", "DIP", "GND", "GND", "O", 39.37, 82.677, 23.622, 66.93, 180],
		[541, "PAD202_2", 1167.7693, -268.6792, "B", "DIP", "GND", "GND", "O", 39.37, 82.677, 23.622, 66.93, 180],
		[542, "PAD203_1", 1507.9293, -268.6792, "T", "DIP", "GND", "GND", "O", 39.37, 82.677, 23.622, 66.93, 180],
		[543, "PAD203_1", 1507.9293, -268.6792, "B", "DIP", "GND", "GND", "O", 39.37, 82.677, 23.622, 66.93, 180],
		[544, "PAD204_A1B12", 1916.9497, -291.3192, "T", "SMD", "GND", "GND", "R", 23.622, 45.276, 0, 0, 180],
		[545, "PAD205_A4B9", 1885.4497, -291.3192, "T", "SMD", "5V_USB", "", "R", 23.622, 45.276, 0, 0, 180],
		[546, "PAD206_B1A12", 1664.9797, -291.3192, "T", "SMD", "GND", "GND", "R", 23.622, 45.276, 0, 0, 180],
		[547, "PAD207_B4A9", 1696.4697, -291.3192, "T", "SMD", "5V_USB", "", "R", 23.622, 45.276, 0, 0, 180],
		[548, "PAD208_B5", 1722.0597, -291.3192, "T", "SMD", "$1N1730", "", "R", 11.811, 45.276, 0, 0, 180],
		[549, "PAD209_B6", 1761.4297, -291.3192, "T", "SMD", "$1N1731", "", "R", 11.811, 45.276, 0, 0, 180],
		[550, "PAD210_A7", 1781.1197, -291.3192, "T", "SMD", "$1N1732", "", "R", 11.811, 45.276, 0, 0, 180],
		[551, "PAD211_A6", 1800.7997, -291.3192, "T", "SMD", "$1N1731", "", "R", 11.811, 45.276, 0, 0, 180],
		[552, "PAD212_B7", 1820.4897, -291.3192, "T", "SMD", "$1N1732", "", "R", 11.811, 45.276, 0, 0, 180],
		[553, "PAD213_A5", 1840.1697, -291.3192, "T", "SMD", "$1N1729", "", "R", 11.811, 45.276, 0, 0, 180],
		[554, "PAD214_4", 1620.8797, -105.2992, "T", "DIP", "GND", "GND", "O", 39.37, 70.866, 23.622, 55.118, 180],
		[555, "PAD214_4", 1620.8797, -105.2992, "B", "DIP", "GND", "GND", "O", 39.37, 70.866, 23.622, 55.118, 180],
		[556, "PAD215_3", 1961.0397, -105.2992, "T", "DIP", "GND", "GND", "O", 39.37, 70.866, 23.622, 55.118, 180],
		[557, "PAD215_3", 1961.0397, -105.2992, "B", "DIP", "GND", "GND", "O", 39.37, 70.866, 23.622, 55.118, 180],
		[558, "PAD216_2", 1620.8797, -268.6792, "T", "DIP", "GND", "GND", "O", 39.37, 82.677, 23.622, 66.93, 180],
		[559, "PAD216_2", 1620.8797, -268.6792, "B", "DIP", "GND", "GND", "O", 39.37, 82.677, 23.622, 66.93, 180],
		[560, "PAD217_1", 1961.0397, -268.6792, "T", "DIP", "GND", "GND", "O", 39.37, 82.677, 23.622, 66.93, 180],
		[561, "PAD217_1", 1961.0397, -268.6792, "B", "DIP", "GND", "GND", "O", 39.37, 82.677, 23.622, 66.93, 180],
		[562, "PAD218_1", 1615.04, -850, "T", "DIP", "ADC_SRC", "", "R", 70.866, 118.11, 47.244, 98.425, 180],
		[563, "PAD218_1", 1615.04, -850, "B", "DIP", "ADC_SRC", "", "R", 70.866, 118.11, 47.244, 98.425, 180],
		[564, "PAD219_2", 1430, -850, "T", "DIP", "$1N1944", "", "O", 70.866, 118.11, 47.244, 98.425, 180],
		[565, "PAD219_2", 1430, -850, "B", "DIP", "$1N1944", "", "O", 70.866, 118.11, 47.244, 98.425, 180],
		[566, "PAD220_1", 1406.5, -1274.6, "T", "SMD", "GND", "GND", "R", 31.5, 31.5, 0, 0, 270],
		[567, "PAD221_2", 1343.5, -1274.8, "T", "SMD", "$1N1753", "", "R", 31.5, 31.5, 0, 0, 270],
		[568, "PAD222_1", 852.05, -756.42, "T", "DIP", "S", "", "C", 70.866, 70.866, 47.244, 47.244, 0],
		[569, "PAD222_1", 852.05, -756.42, "B", "DIP", "S", "", "C", 70.866, 70.866, 47.244, 47.244, 0],
		[570, "PAD223_3", 852.05, -933.58, "T", "DIP", "GND", "GND", "C", 70.866, 70.866, 47.244, 47.244, 0],
		[571, "PAD223_3", 852.05, -933.58, "B", "DIP", "GND", "GND", "C", 70.866, 70.866, 47.244, 47.244, 0],
		[572, "PAD224_2", 2055, -834.66, "T", "SMD", "$1N2964", "", "R", 31.751, 34.016, 0, 0, 270],
		[573, "PAD225_1", 2055, -775.34, "T", "SMD", "FULL", "", "R", 31.751, 34.016, 0, 0, 270],
		[574, "PAD226_2", 2055, -655.34, "T", "SMD", "$1N2974", "", "R", 31.751, 34.016, 0, 0, 90],
		[575, "PAD227_1", 2055, -714.66, "T", "SMD", "CHRG", "", "R", 31.751, 34.016, 0, 0, 90],
		[576, "PAD228_2", 1804.66, -609.8, "T", "SMD", "GND", "GND", "R", 31.751, 34.016, 0, 0, 0],
		[577, "PAD229_1", 1745.34, -609.8, "T", "SMD", "$1N2982", "", "R", 31.751, 34.016, 0, 0, 0],
		[578, "PAD230_1", 2018.5, -889.8, "T", "SMD", "$1N2964", "", "R", 31.5, 31.5, 0, 0, 270],
		[579, "PAD231_2", 1955.5, -890, "T", "SMD", "5V", "", "R", 31.5, 31.5, 0, 0, 270],
		[580, "PAD232_2", 1847.44, -890, "T", "SMD", "GND", "GND", "R", 31.496, 35.433, 0, 0, 180],
		[581, "PAD233_1", 1902.56, -890, "T", "SMD", "BAT+", "", "R", 31.496, 35.433, 0, 0, 180],
		[582, "PAD234_2", 1792.56, -890, "T", "SMD", "GND", "GND", "R", 31.496, 35.433, 0, 0, 0],
		[583, "PAD235_1", 1737.44, -890, "T", "SMD", "5V", "", "R", 31.496, 35.433, 0, 0, 0],
		[584, "PAD236_2", 1792.56, -950, "T", "SMD", "GND", "GND", "R", 31.496, 35.433, 0, 0, 0],
		[585, "PAD237_1", 1737.44, -950, "T", "SMD", "5V", "", "R", 31.496, 35.433, 0, 0, 0],
		[586, "PAD238_1", 620, -235, "T", "DIP", "IO45", "", "R", 66.929, 66.929, 43.308, 43.308, 0],
		[587, "PAD238_1", 620, -235, "B", "DIP", "IO45", "", "R", 66.929, 66.929, 43.308, 43.308, 0],
		[588, "PAD239_2", 720, -235, "T", "DIP", "IO14", "", "C", 66.929, 66.929, 43.308, 43.308, 0],
		[589, "PAD239_2", 720, -235, "B", "DIP", "IO14", "", "C", 66.929, 66.929, 43.308, 43.308, 0],
		[590, "PAD240_3", 820, -235, "T", "DIP", "IO13", "", "C", 66.929, 66.929, 43.308, 43.308, 0],
		[591, "PAD240_3", 820, -235, "B", "DIP", "IO13", "", "C", 66.929, 66.929, 43.308, 43.308, 0],
		[592, "PAD241_4", 920, -235, "T", "DIP", "IO12", "", "C", 66.929, 66.929, 43.308, 43.308, 0],
		[593, "PAD241_4", 920, -235, "B", "DIP", "IO12", "", "C", 66.929, 66.929, 43.308, 43.308, 0],
		[594, "PAD242_1", 110, -235, "T", "DIP", "GND", "GND", "R", 66.929, 66.929, 43.308, 43.308, 0],
		[595, "PAD242_1", 110, -235, "B", "DIP", "GND", "GND", "R", 66.929, 66.929, 43.308, 43.308, 0],
		[596, "PAD243_2", 210, -235, "T", "DIP", "3V3", "", "C", 66.929, 66.929, 43.308, 43.308, 0],
		[597, "PAD243_2", 210, -235, "B", "DIP", "3V3", "", "C", 66.929, 66.929, 43.308, 43.308, 0],
		[598, "PAD244_3", 310, -235, "T", "DIP", "IO1", "", "C", 66.929, 66.929, 43.308, 43.308, 0],
		[599, "PAD244_3", 310, -235, "B", "DIP", "IO1", "", "C", 66.929, 66.929, 43.308, 43.308, 0],
		[600, "PAD245_4", 410, -235, "T", "DIP", "IO42", "", "C", 66.929, 66.929, 43.308, 43.308, 0],
		[601, "PAD245_4", 410, -235, "B", "DIP", "IO42", "", "C", 66.929, 66.929, 43.308, 43.308, 0],
		[602, "PAD246_1", 110, -70, "T", "DIP", "EX_1", "", "R", 70.866, 70.866, 47.244, 47.244, 0],
		[603, "PAD246_1", 110, -70, "B", "DIP", "EX_1", "", "R", 70.866, 70.866, 47.244, 47.244, 0],
		[604, "PAD247_2", 210, -70, "T", "DIP", "EX_2", "", "C", 70.866, 70.866, 47.244, 47.244, 0],
		[605, "PAD247_2", 210, -70, "B", "DIP", "EX_2", "", "C", 70.866, 70.866, 47.244, 47.244, 0],
		[606, "PAD248_3", 310, -70, "T", "DIP", "EX_3", "", "C", 70.866, 70.866, 47.244, 47.244, 0],
		[607, "PAD248_3", 310, -70, "B", "DIP", "EX_3", "", "C", 70.866, 70.866, 47.244, 47.244, 0],
		[608, "PAD249_4", 410, -70, "T", "DIP", "EX_4", "", "C", 70.866, 70.866, 47.244, 47.244, 0],
		[609, "PAD249_4", 410, -70, "B", "DIP", "EX_4", "", "C", 70.866, 70.866, 47.244, 47.244, 0],
		[610, "PAD250_5", 510, -70, "T", "DIP", "OUT_EX_4", "", "C", 70.866, 70.866, 47.244, 47.244, 0],
		[611, "PAD250_5", 510, -70, "B", "DIP", "OUT_EX_4", "", "C", 70.866, 70.866, 47.244, 47.244, 0],
		[612, "PAD251_6", 610, -70, "T", "DIP", "OUT_EX_3", "", "C", 70.866, 70.866, 47.244, 47.244, 0],
		[613, "PAD251_6", 610, -70, "B", "DIP", "OUT_EX_3", "", "C", 70.866, 70.866, 47.244, 47.244, 0],
		[614, "PAD252_7", 710, -70, "T", "DIP", "OUT_EX_2", "", "C", 70.866, 70.866, 47.244, 47.244, 0],
		[615, "PAD252_7", 710, -70, "B", "DIP", "OUT_EX_2", "", "C", 70.866, 70.866, 47.244, 47.244, 0],
		[616, "PAD253_8", 810, -70, "T", "DIP", "OUT_EX_1", "", "C", 70.866, 70.866, 47.244, 47.244, 0],
		[617, "PAD253_8", 810, -70, "B", "DIP", "OUT_EX_1", "", "C", 70.866, 70.866, 47.244, 47.244, 0]
	]
}
}